code_name,SMILES,HOMO-LUMO gap,HOMO,LUMO,IP,EA,Dipole module,Total charge,Global SASA,G solv. in H2O,G of H-bonds H2O,Fermi-level,Total polariz. alpha,Total FOD,Hardness,Softness,Electronegativity,Electrophil. idx,Nucleophilicity idx,Second IP,Second EA,S0-T1 gap,MolLogP
Anion_0001,CC(=O)[O-],5.3351,-4.2024,1.1327,3.3045,-10.4249,7.138,-1.0,192.5967,-68.9658,-2.1547,-1.5349,36.4741,0.0101,13.7294,0.0728,-3.5602,0.4616,4166.6667,11.1108,-9.5398,134.2428,-1.2438
Anion_0002,CCCCCCCC/C=C\CCCCCCCC(=O)O,4.0571,-10.3812,-6.3242,7.6317,-1.4498,1.8413,0.0,600.8035,-9.6848,-5.243,-8.3527,220.4326,0.0474,9.0814,0.1101,3.091,0.5261,1.5797,10.8525,3.343,116.2336,6.108500000000006
Anion_0003,CCCCCCCCCCCCCCCC(=O)[O-],5.3131,-4.3573,0.9559,3.1335,-8.6616,37.5426,-1.0,598.9517,-70.505,-2.31,-1.7007,199.9098,0.0103,11.7951,0.0848,-2.764,0.3239,1843.3891,7.9764,-2.6041,133.7626,4.217600000000003
Anion_0004,CCCCCCCCCCCCCCCCCC(=O)[O-],5.2403,-4.5644,0.6759000000000001,3.2112,-8.7797,27.8235,-1.0,610.9026,-69.4885,-1.8624,-1.9442,223.4246,0.0111,11.9909,0.0835,-2.7843,0.3234,1522.5735,7.7882,-3.1213,131.6716,4.997800000000004
Anion_0005,CCCCC/C=C\C/C=C\CCCCCCC(=O)O,4.0262,-10.3534,-6.3272,7.6388,-1.1555,1.8364,0.0,568.8514,-10.4796,-5.949,-8.3403,208.0161,0.0565,8.7943,0.1137,3.2416,0.5978,1.4856,11.0191,4.1694,111.1059,5.494400000000004
Anion_0006,O=C([O-])Cc1c[nH+]c2cccc[c-]12,1.7396,-4.6764,-2.9368,2.7114000000000003,-4.6512,13.904,-1.0,348.5588,-71.161,-2.9594,-3.8066,125.7454,0.3152,7.3626,0.1358,-0.9699,0.0639,48.5437,7.9252,-0.3264,66.6737,-0.3348
Anion_0007,C=CC(=O)[O-],2.8529,-4.3802,-1.5273,3.2898,-7.0772,8.357,-1.0,212.0876,-69.5281,-2.1174,-2.9537,47.3806,0.145,10.367,0.0965,-1.8937,0.173,106.383,10.4718,-4.7244,80.8077,-1.0777
Anion_0008,CCC=CCC=CCC=CCCCCCCCC(=O)[O-],1.1507,-4.6172,-3.4665,3.0923,-3.9687,21.7845,-0.9927,536.5914,-70.5936,-2.0532,-4.0418,221.1021,0.3319,7.061,0.1425,-0.4382,0.0172,20.6373,7.6458,1.0102,89.8692,4.325800000000003
Anion_0009,O=C([O-])Cc1cccc2ccccc12,1.7475,-5.2297,-3.4822,3.0496,-3.8363,11.319,-1.0,360.7595,-63.5311,-1.7269,-4.356,139.3649,0.391,6.8859,0.1452,-0.3934,0.0112,19.5197,8.0247,0.8587,56.1886,1.132199999999999
Anion_0010,CCCCCCCCCCCC(=O)[O-],5.3026,-4.3526,0.95,3.1433,-9.0542,28.864,-1.0,483.9757,-70.1112,-2.1834,-1.7013,153.2723,0.0103,12.1975,0.082,-2.9554,0.3581,,8.2762,-3.5245,133.4337,2.6572
Anion_0011,CCCCCCCCCCCCCC(=O)[O-],5.3287,-4.3556,0.9731,3.1292,-8.6174,35.5987,-1.0,548.8916,-70.2336,-2.3087,-1.6912,176.5559,0.0101,11.7466,0.0851,-2.7441,0.3206,2039.7315,8.1296,-2.6563,134.2479,3.437400000000002
Anion_0012,CCCCCCCC(=O)[O-],5.266,-4.3813,0.8847,3.1533,-9.7079,15.9168,-1.0,355.856,-69.9319,-1.9618,-1.7483,106.6595,0.0107,12.8611,0.0778,-3.2773,0.4176,17681.9217,8.8078,-5.6333,132.2875,1.0968
Anion_0013,CCCCCC(=O)[O-],5.2873,-4.3367,0.9507,3.1333,-9.9882,13.7983,-1.0,302.4146,-69.6968,-1.9907,-1.693,83.3078,0.0104,13.1215,0.0762,-3.4275,0.4476,3073.5804,9.2245,-6.8122,132.9181,0.3166
Anion_0014,C=C(C)C(=O)[O-],3.0524,-4.3933,-1.3409,3.1664,-7.0666,9.53,-1.0,236.798,-69.5783,-1.9883,-2.8671,59.057,0.1213,10.233,0.0977,-1.9501,0.1858,138.3126,9.9851,-4.3979,83.6952,-0.6876
Anion_0015,O=C([O-])Cc1ccccc1,2.6186,-4.937,-2.3184,3.0923,-5.4661,10.92,-1.0,305.9285,-64.4669,-1.8071,-3.6277,99.3474,0.1994,8.5584,0.1168,-1.1869,0.0823,47.1476,8.7709,-1.4551,82.6517,-0.021
Anion_0016,CCC(=O)[O-],5.2729,-4.2305,1.0423,3.1312,-10.2172,9.2255,-1.0,221.425,-69.0686,-2.0213,-1.5941,48.2551,0.0107,13.3484,0.0749,-3.5431,0.4702,1570.2321,10.1852,-8.7725,132.6118,-0.8537
Anion_0017,O=C([O-])COc1ccc(Cl)cc1Cl,1.7714,-5.5814,-3.81,3.6881,-3.8366,8.2455,-1.0,369.5698,-59.4961,-2.1152,-4.6956,128.1971,0.3048,7.5247,0.1329,-0.0742,0.0004,11.524,8.5338,0.4239,77.368,1.122099999999999
Anion_0018,O=C([O-])CS,4.5907,-5.5954,-1.0047,3.928,-6.9489,3.044,-1.0,219.4367,-56.9921,-2.0693,-3.3001,55.8023,0.0311,10.8769,0.0919,-1.5105,0.1049,37.2162,10.169,-3.3084,114.7046,-1.3339
Anion_0019,CCCC(CCC)C(=O)[O-],5.1816,-4.3968,0.7848,2.9972000000000003,-9.6632,10.7138,-1.0,353.5538,-70.3531,-1.9046,-1.806,106.7196,0.0116,12.6604,0.079,-3.333,0.4387,2256.6444,8.9243,-6.5396,129.9023,0.9526999999999992
Anion_0020,CCCCC(=O)[O-],5.3004,-4.3233,0.977,3.1424,-10.0882,13.1482,-1.0,276.1643,-69.4389,-2.0139,-1.6732,71.617,0.0103,13.2307,0.0756,-3.4729,0.4558,2463.9762,9.5565,-7.465,133.3704,-0.0735
Anion_0021,CC(C)C(=O)[O-],5.1988,-4.2705,0.9283,3.0058,-9.9837,9.683,-1.0,245.7272,-68.8985,-1.9395,-1.6711,59.9842,0.0113,12.9895,0.077,-3.489,0.4686,1111.1111,9.6816,-8.14,130.6153,-0.6077
Anion_0022,CC(=O)CCC(=O)[O-],1.8819,-5.0016,-3.1197,3.6755,-5.623,6.6998,-1.0,274.2401,-62.7851,-2.6149,-4.0606,72.636,0.2292,9.2985,0.1075,-0.9737,0.051,25.5108,9.7545,-2.805,88.6282,-0.8945000000000001
Anion_0023,O=C([O-])CCS,4.3921,-5.5177,-1.1257,3.6329,-6.6332,6.128,-1.0,244.8819,-56.2917,-1.8831,-3.3218,67.6144,0.0401,10.2661,0.0974,-1.5001,0.1096,45.1466,9.3955,-2.5620000000000003,109.7123,-0.9438
Anion_0024,CC(C)CC(=O)[O-],5.2851,-4.3448,0.9403,3.1214,-10.0295,11.9372,-1.0,270.2078,-69.2716,-1.9626,-1.7022,71.6054,0.0105,13.1509,0.076,-3.454,0.4536,2471.9129,9.6061,-7.8418,132.9391,-0.2176
Anion_0025,CCCCCCC=CCCCCCCCC(=O)[O-],1.4555,-4.5018,-3.0463,3.1272,-5.3302,23.365,-1.0,532.4054,-70.5148,-1.8729,-3.7741,199.2387,0.2226,8.4574,0.1185,-1.1015,0.0725,41.9793,7.8586,-1.1415,104.4119,3.993600000000002
Anion_0026,N#CCC(=O)[O-],4.2603,-5.3148,-1.0545,4.0239,-7.5715,5.885,-1.0,228.3065,-63.7777,-2.1823,-3.1847,48.9937,0.0419,11.5954,0.0862,-1.7738,0.1357,45.8085,10.9924,-5.0564,114.7016,-1.35002
Anion_0027,O=CC(=O)[O-],1.6056,-4.8208,-3.2152,3.7276,-5.8233,4.57,-1.0,200.0949,-61.4931,-2.1401,-4.018,38.1357,0.4278,9.5509,0.1047,-1.0478,0.0575,26.6028,11.1373,-4.2297,47.4203,-2.0648
Anion_0028,O=C([O-])CCc1ccccc1,1.5879,-4.7016,-3.1137,3.2172,-4.7187,15.7505,-1.0,336.3091,-68.1489,-2.0269,-3.9078,110.8587,0.3228,7.9359,0.1261,-0.7507,0.0356,26.1193,8.9036,-0.7683,85.558,0.369099999999999
Anion_0029,CC(C)(C)C(=O)[O-],5.2064,-4.3097,0.8967,2.9195,-9.8889,9.844,-1.0,263.2376,-68.5406,-1.7665000000000002,-1.7065,71.6807,0.0112,12.8084,0.0781,-3.4847,0.474,800.0,9.3514,-7.853,131.0002,-0.2176
Anion_0030,CCCCCCCCC(=O)[O-],5.2718,-4.4857,0.7861,3.1936,-9.669,11.6897,-1.0,363.6253,-69.6734,-1.6931,-1.8498,118.4166,0.0107,12.8625,0.0778,-3.2377,0.4075,,8.5903,-5.9746,132.4996,1.486899999999999
Anion_0031,CCCCCCC(=O)[O-],5.2842,-4.4139,0.8703000000000001,3.1755,-9.8496,12.8591,-1.0,320.3259,-69.3578,-1.8498,-1.7718,95.0391,0.0105,13.0251,0.0767,-3.337,0.4275,11247.9561,8.9728,-6.5498,132.905,0.7066999999999991
Anion_0032,O=C([O-])CCCc1c[nH+]c2cccc[c-]12,1.1736,-4.6294,-3.4558,3.0004,-4.1747,15.6581,-0.9974,388.1177,-70.5685,-2.7734,-4.0426,149.1014,0.3378,7.175,0.1394,-0.5871000000000001,0.024,24.6541,7.874,0.1591,72.5027,0.445399999999999
Anion_0033,CC=CC(=O)[O-],2.9388,-4.3819,-1.4431,3.166,-6.9487000000000005,11.9575,-1.0,243.5753,-71.819,-2.2486,-2.9125,59.0189,0.1347,10.1147,0.0989,-1.8914,0.1769,124.6739,9.994,-4.2064,82.2917,-0.6876
Anion_0034,O=C([O-])C1CCCCC1,5.2539,-4.4022,0.8516,3.0002,-9.8264,13.0351,-1.0,294.2739,-69.3287,-1.853,-1.7753,89.936,0.0107,12.8265,0.078,-3.4131,0.4541,1512.1584,9.045,-6.9625,132.1703,0.316599999999999
Anion_0035,CCCCCCCCCCCCCCC(=O)[O-],5.2348,-4.4732,0.7616,3.1649,-8.941,25.3553,-1.0,538.0334,-70.3118,-1.9789,-1.8558,188.3743,0.0111,12.1059,0.0826,-2.888,0.3445,3205.5327,7.9359,-3.4415,131.4124,3.827500000000002
Anion_0036,O=C([O-])c1ccco1,2.9582,-4.9309,-1.9727,3.6648,-6.1261,11.469,-1.0,255.0874,-68.9348,-2.2193,-3.4518,69.5555,0.1345,9.7909,0.1021,-1.2307,0.0773,33.0469,10.3767,-2.8323,84.6839,-0.3569
Anion_0037,CN(C)CC(=O)[O-],4.8696,-4.2077,0.6619,2.6342,-9.6051,10.0136,-1.0,259.1864,-69.9839,-1.887,-1.7729,69.5609,0.0159,12.2392,0.0817,-3.4854,0.4968,487.2958,8.8826,-7.2623,122.8417,-1.702099999999999
Anion_0038,O=C([O-])CCCc1ccccc1,1.5368,-4.6004000000000005,-3.0635,3.2044,-4.7909,14.5675,-1.0,350.1557,-68.6233,-1.8546,-3.8322,122.5726,0.3055,7.9953,0.1252,-0.7933,0.0398,27.6704,8.6671,-0.7851,90.0443,0.7591999999999991
Anion_0039,CC=CC=CC(=O)[O-],1.5590000000000002,-4.6219,-3.0628,3.2175,-4.8203,17.1406,-1.0,299.1875,-73.1623,-2.3623,-3.8423,81.5814,0.3804,8.0377,0.1244,-0.8014,0.04,27.5387,9.3008,-1.0665,60.7863,-0.131399999999999
Anion_0040,C#CC(=O)[O-],4.0323,-4.7041,-0.6718000000000001,3.7382,-8.0274,7.08,-1.0,208.2179,-68.0748,-2.4349,-2.6879,42.5967,0.0471,11.7656,0.085,-2.1446,0.1955,92.6784,11.36,-6.0365,100.6969,-1.6305
Anion_0041,O=C([O-])C(=O)c1ccccc1,1.5592,-5.0091,-3.4499,3.225,-4.2019,12.7721,-1.0,313.3863,-67.2338,-2.3668,-4.2295,100.768,0.5059,7.4269,0.1346,-0.4885,0.0161,19.8332,9.1131,-0.1246,45.943,-0.3808
Anion_0042,COc1ccc(CC(=O)[O-])cc1,2.4417,-4.9218,-2.4801,2.9645,-5.3476,14.342,-1.0,350.1878,-65.8703,-2.1552,-3.7009,115.6714,0.2119,8.3121,0.1203,-1.1915,0.0854,52.8821,8.1976,-1.2737,80.9164,-0.0124
Anion_0043,O=C([O-])c1cccs1,2.2448,-5.1252,-2.8804,3.6609,-4.9391,11.255,-1.0,265.8479,-69.0504,-2.1777,-4.0028,84.5195,0.2532,8.6,0.1163,-0.6391,0.0237,18.8359,9.7826,-1.1172,71.249,0.111599999999999
Anion_0044,CCCCCCC/C=C/CCCCCC(=O)[O-],1.2681,-4.3942,-3.1261,3.1027,-5.2642,35.1554,-1.0,566.158,-70.1843,-2.2445,-3.7601,187.4868,0.2431,8.3669,0.1196,-1.0808,0.0701,41.4203,7.9051,-1.0181,102.5131,3.603500000000002
Anion_0045,CC(C)(Oc1ccc(Cl)cc1)C(=O)[O-],2.016,-5.2538,-3.2378,3.3024,-4.5509,9.219,-1.0,385.3185,-63.4126,-2.013,-4.2458,139.1517,0.2567,7.8533,0.1273,-0.6243000000000001,0.0248,21.8962,8.17,-0.3761,82.0771,1.247299999999999
Anion_0046,C=CCCCCCCCCC(=O)[O-],0.8536,-4.4117,-3.5581,3.1388,-5.1383,21.2366,-0.5241,437.3549,-69.7074,-2.0665,-3.9849,140.8758,0.2661,8.2771,0.1211,-0.9997,0.0616,37.3087,8.28,-1.1563,103.1727,2.043099999999999
Anion_0047,O=C([O-])COc1ccccc1,2.2757,-4.9978,-2.7222,3.2588,-5.2483,11.3206,-1.0,319.8269,-66.3092,-2.0424,-3.8599,104.0894,0.2112,8.5071,0.1175,-0.9947,0.0582,33.2335,8.747,-1.3286,87.2534,-0.1847
Anion_0048,CCCCCCCC/C=C/CCCCCCCC(=O)O,4.0381,-10.4104,-6.3723,7.595,-1.3824,1.9595,0.0,645.8589,-10.6122,-6.0979,-8.3913,220.4051,0.0473,8.9774,0.1114,3.1063,0.5374,1.5679,10.6277,3.5157,116.8944,6.108500000000006
Anion_0049,O=C([O-])C#Cc1ccccc1,1.591,-5.1572,-3.5662000000000003,3.6793,-4.0395,19.055,-1.0,336.6688,-69.6576,-2.3501,-4.3617,105.4316,0.3765,7.7188,0.1296,-0.1801,0.0021,12.6072,9.4248,0.3084,67.9888,-0.212
Anion_0050,O=C([O-])C(F)(F)C(F)(F)C(F)(F)F,5.4996,-6.7843,-1.2847,5.4651,-7.476,5.912,-1.0,294.0831,-48.8109,-2.4069000000000003,-4.0345,67.4681,0.0077,12.9411,0.0773,-1.0055,0.0391,13.0141,12.1715,-4.5282,138.5168,0.569199999999999
Anion_0051,C=CCCC(=O)[O-],2.4223,-4.564,-2.1418,3.2426,-6.4834,12.3034,-1.0,273.0666,-67.5473,-2.0429,-3.3529,70.7988,0.1538,9.7261,0.1028,-1.6204,0.135,74.0746,9.5335,-3.1954,103.5889,-0.2975
Anion_0052,O=C([O-])C12CC3CC(CC(C3)C1)C2,5.1834,-4.5035,0.6799000000000001,2.8441,-9.463,14.547,-1.0,337.4171,-69.4994,-1.8035,-1.9118,126.3618,0.0114,12.3071,0.0813,-3.3094,0.445,1136.3636,8.3844,-5.8338,130.2241,0.9526999999999992
Anion_0053,O=C([O-])CCCCCCCCCCS,0.7901,-4.5616,-3.7715,3.1551,-4.182,14.8475,-0.8522000000000001,457.205,-68.9972,-2.5752,-4.1665,161.0591,0.299,7.3371,0.1364,-0.5135000000000001,0.0182,21.0623,7.9262,0.3022,94.1769,2.177
Anion_0054,CCCCCCCCCCC(=O)[O-],5.3158,-4.3766,0.9392,3.1397,-9.0777,29.1169,-1.0,455.1846,-69.8372,-2.1697,-1.7187,141.5909,0.0102,12.2174,0.0819,-2.9691,0.3608,,8.4063,-3.7357,133.8841,2.2671
Anion_0055,O=C([O-])C1CC1,5.2593,-4.4262,0.8331000000000001,3.2193,-9.8411,9.848,-1.0,236.7872,-68.2487,-2.0235,-1.7965,54.7293,0.0109,13.0604,0.0766,-3.3109,0.4197,33333.3333,10.1414,-7.2346,132.0537,-0.8537
Anion_0056,O=C([O-])C(c1ccccc1)c1ccccc1,2.6741,-5.3255,-2.6514,3.0322,-4.3992,9.297,-1.0,407.23,-61.3022,-1.5878,-3.9885,162.14,0.2707,7.4314,0.1346,-0.6835,0.0314,26.9397,7.853,0.8619,75.262,1.5683999999999991
Anion_0057,COc1ccc(C=CC(=O)[O-])cc1,1.2843,-4.8105,-3.5262,3.2588,-3.9172,22.4129,-1.0,375.1158,-73.0152,-2.5622,-4.1683,126.3809,0.475,7.176,0.1394,-0.3292,0.0076,16.7229,8.5629,0.652,56.9754,0.458299999999999
Anion_0058,O=C([O-])c1cc2ccccc2[nH]1,2.1343,-5.1846,-3.0503,3.5198,-4.4857,14.272,-1.0,326.9188,-66.7298,-2.6322,-4.1175,114.032,0.268,8.0055,0.1249,-0.4829,0.0146,17.3611,8.9166,-0.0351,71.0572,0.5314
Anion_0059,CC(C)=CC(=O)[O-],3.0498,-4.435,-1.3852,3.0712,-6.8273,12.71,-1.0,265.6978,-72.3911,-2.2194,-2.9101,70.652,0.1218,9.8985,0.101,-1.878,0.1782,139.0821,9.5002,-3.7701,83.972,-0.2975
Anion_0060,O=C([O-])Cc1ccc(Cl)cc1,2.4338,-5.3233,-2.8895,3.3162000000000003,-4.7423,8.361,-1.0,331.8381,-59.1687,-1.8643,-4.1064,111.1175,0.2365,8.0585,0.1241,-0.7131000000000001,0.0316,23.7869,8.509,-0.4976,77.7405,0.6323999999999991
Anion_0061,C#CCCC(=O)[O-],3.9089,-4.5687,-0.6598,3.31,-7.7891,10.7791,-1.0,267.3397,-67.3554,-2.2903,-2.6142000000000003,65.9277,0.0558,11.0991,0.0901,-2.2396,0.226,194.2353,9.7999,-4.3729,121.3222,-0.8503000000000001
Anion_0062,O=C([O-])C(=O)Cc1ccccc1,1.8141,-4.9659,-3.1518,3.3097,-4.3229,13.872,-1.0,336.5071,-65.8857,-2.3392,-4.0589,112.2882,0.4143,7.6326,0.131,-0.5067,0.0168,19.4337,8.9527,0.1343,56.8641,-0.4519
Anion_0063,C=CCC(=O)[O-],3.4005,-4.6196,-1.2191,3.1231,-7.1956,8.5461,-1.0,243.6871,-65.1278,-1.9138,-2.9193,59.2544,0.0761,10.3187,0.0969,-2.0362,0.2009,174.8251,9.6563,-4.1677,96.8386,-0.6876
Anion_0064,CCC(=O)C(=O)[O-],2.2908,-4.6441,-2.3533,3.2749,-6.6319,10.3141,-1.0,254.5106,-65.6933,-2.438,-3.4987,61.2227,0.2283,9.9067,0.1009,-1.6786,0.1423,78.2001,9.8997,-4.7298,67.5872,-1.2846
Anion_0065,COCC(=O)[O-],5.1575,-4.5122,0.6453,3.1848,-9.8552,8.644,-1.0,234.1863,-67.3505,-2.0674,-1.9334,53.1982,0.0115,13.04,0.0767,-3.3352,0.4265,11111.1111,9.7793,-8.3603,130.8484,-1.6173000000000002
Anion_0066,CC=C(C)C(=O)[O-],3.3542,-4.425,-1.0708,3.0574,-7.1946,9.8417,-1.0,265.3686,-69.933,-2.0096,-2.7479,70.7833,0.0878,10.252,0.0975,-2.0686,0.2088,212.2363,9.4512,-4.2009,90.9467,-0.2975
Anion_0067,O=C([O-])Cc1ccc(F)cc1,2.4004,-5.2041,-2.8037,3.3402,-5.0635,9.0077,-1.0,316.661,-60.5958,-2.4008000000000003,-4.0038,99.3232,0.2267,8.4037,0.119,-0.8617,0.0442,27.3633,8.9456,-1.1444,80.0483,0.118099999999999
Anion_0068,O=C([O-])C1CCCC1,5.2974,-4.4467,0.8507,3.0967,-9.8469,11.5732,-1.0,274.6904,-68.6369,-1.8489,-1.798,78.1668,0.0103,12.9436,0.0772,-3.3751,0.44,3383.4985,9.3783,-7.2345,133.4108,-0.0735
Anion_0069,CCOC(=O)CC(=O)[O-],3.5927,-5.4149,-1.8223,3.9504,-6.5807,10.3103,-1.0,294.762,-64.4582,-2.4849,-3.6186,77.7799,0.0644,10.5311,0.0949,-1.3152,0.0821,30.3417,9.9599,-3.7344,103.2099,-1.3104999999999989
Anion_0070,O=C([O-])Cc1ccc(Br)cc1,2.4404,-5.4907,-3.0503,3.4655,-4.4743,7.193,-1.0,338.4596,-58.6496,-1.9052,-4.2705,117.6966,0.2604,7.9398,0.1259,-0.5044000000000001,0.016,18.1094,8.6309,0.0552,76.1315,0.741499999999999
Anion_0071,CC(C)CCC(=O)[O-],5.2677,-4.3388,0.9289,3.1247,-9.943,13.1295,-1.0,292.8303,-69.8784,-1.9647,-1.7049,83.2819,0.0107,13.0677,0.0765,-3.4092,0.4447,3529.1851,9.3904,-6.9785,132.302,0.172499999999999
Anion_0072,CC(C)(C)OC(=O)N1CCC(C(=O)[O-])CC1,2.8534,-4.883,-2.0296,3.3128,-6.2975,18.76,-1.0,426.8873,-68.8707,-2.6617,-3.4563,151.6713,0.106,9.6103,0.1041,-1.4924,0.1159,58.0046,8.4321,-2.3896,114.2457,0.383399999999999
Anion_0073,COc1ccc(CC(=O)[O-])cc1OC,2.6477,-5.0668,-2.4191000000000003,3.0632,-5.2376,12.6497,-1.0,386.5547,-65.8043,-2.3721,-3.743,132.0836,0.1932,8.3008,0.1205,-1.0872,0.0715,43.3428,8.104,-1.0014,81.8856,-0.0038
Anion_0074,O=C([O-])CCc1c[nH+]c2cccc[c-]12,1.1398,-4.5705,-3.4308,3.0148,-4.1955,16.4089,-1.0,373.6025,-72.0486,-2.9687,-4.0007,137.3418,0.3538,7.2102,0.1387,-0.5903,0.0243,24.5704,8.0847,0.0992,71.6417,0.055299999999999
Anion_0075,Cc1ccc(CC(=O)[O-])cc1,2.5937,-4.8995,-2.3058,2.9831000000000003,-5.4076,14.065,-1.0,334.8984,-66.3264,-1.9578,-3.6026,110.9085,0.2022,8.3907,0.1192,-1.2123,0.0876,53.5045,8.3667,-1.2415,81.873,0.28742
Anion_0076,O=C([O-])c1c[nH+]c2cccc[c-]12,1.8241,-4.6417,-2.8176,3.1123,-4.8078,14.843,-1.0,320.619,-76.3276,-3.1386,-3.7296,113.8801,0.3117,7.9201,0.1263,-0.8478,0.0454,30.8928,8.7654,-0.5342,71.8506,-0.2637
Anion_0077,O=C([O-])CCC(=O)c1ccccc1,1.0322,-5.3674,-4.3352,3.5812,-3.1834,11.9715,-1.0,356.3274,-64.6123,-2.406,-4.8513,123.7767,0.5041,6.7646,0.1478,0.1989,0.0029,9.4682,8.9074,0.9496,54.3747,0.399399999999999
Anion_0078,O=C([O-])C=Cc1c[nH+]c[n-]1,2.3579,-4.6637,-2.3058,3.1924,-5.5216,11.0196,-1.0,295.89,-75.7931,-3.5666,-3.4847,91.8038,0.2393,8.714,0.1148,-1.1646,0.078,42.5321,9.0449,-1.6612,78.0208,-1.778999999999999
Anion_0079,O=C([O-])C(F)(F)C(F)(F)C(F)(F)C(F)(F)F,5.4759,-6.933,-1.4571,5.5783000000000005,-7.0204,7.1754,-1.0,325.9076,-47.4113,-2.4638,-4.1951,81.3255,0.0079,12.5988,0.0794,-0.7211000000000001,0.0207,10.6808,11.9956,-3.3527,137.3174,1.204499999999999
Anion_0080,CCCCCCCCCCCCCCCCCCC(=O)[O-],5.1939,-4.5857,0.6083000000000001,3.1855,-8.5482,23.5899,-1.0,641.3301,-69.9858,-1.7504,-1.9887,235.1417,0.0116,11.7337,0.0852,-2.6813,0.3064,928.05,7.6427,-2.7285,130.3444,5.3879000000000055
Anion_0081,O=C([O-])c1ccc[nH]1,3.4292,-4.7236,-1.2944,3.4016,-6.7115,10.746,-1.0,257.9381,-69.8573,-2.7694,-3.009,74.0315,0.0885,10.1131,0.0989,-1.6549,0.1354,66.313,9.8821,-3.3269,91.1563,-0.6218
Anion_0082,C#CCCCC(=O)[O-],3.5758,-4.5085,-0.9327,3.2286,-7.5415,12.0914,-1.0,292.0053,-67.974,-2.2165,-2.7206,77.6922,0.0704,10.77,0.0929,-2.1565,0.216,190.834,9.2417,-3.868,122.3461,-0.4602
Anion_0083,O=C([O-])C1=CC=[S+2]=C1,2.657,-15.8976,-13.2406,14.0011,4.9842,2.709,1.0,273.1491,-49.5904,-1.5036,-14.5691,78.1087,0.1874,9.0169,0.1109,9.4926,4.9967,0.3267,19.739,8.93,87.166,-1.6367
Anion_0084,O=C([O-])Cc1ccc2ccccc2c1,1.5137,-5.2464,-3.7327,3.1048,-3.5951,13.366,-1.0,370.9393,-63.5592,-1.8159,-4.4895,139.3508,0.4235,6.6999,0.1493,-0.2451,0.0045,16.3854,8.1013,1.0719,56.5394,1.132199999999999
Anion_0085,O=C([O-])CN1C(=O)c2ccccc2C1=O,0.2971,-5.5032,-5.2061,3.68,-2.2595,15.598,-1.0,366.6959,-72.8916,-3.157,-5.3547,129.9056,0.7416,5.9395,0.1684,0.7103,0.0425,6.1629,9.2606,2.1019,41.6927,-0.9675
Anion_0086,COC(=O)CCC(=O)[O-],4.9144,-5.8908000000000005,-0.9764,4.1699,-7.7592,6.0626,-1.0,284.8924,-65.1431,-2.2703,-3.4336,77.6899,0.0184,11.929,0.0838,-1.7946,0.135,42.2923,9.8124,-4.9301,130.777,-1.3104999999999989
Anion_0087,O=C([O-])C=Cc1ccc(Cl)cc1,0.982,-5.0898,-4.1078,3.5343,-3.2995,14.7015,-1.0,356.9785,-67.3236,-2.3191,-4.5988,121.8765,0.5401,6.8338,0.1463,0.1174,0.001,10.2496,8.9053,1.3315,52.5573,1.1031
Anion_0088,O=C([O-])c1cc2ccccc2oc1=O,1.0959,-5.5879,-4.4921,3.8025,-2.8994,17.6731,-1.0,352.895,-75.0561,-3.0547,-5.0399,122.9259,0.5823,6.7019,0.1492,0.4516,0.0152,7.4065,9.3141,1.6606,48.1107,0.156499999999999
Anion_0089,CCC(CC)C(=O)[O-],5.1976,-4.3626000000000005,0.835,3.0007,-9.7816,10.4311,-1.0,294.5724,-69.5172,-1.8548,-1.7638,83.3726,0.0114,12.7823,0.0782,-3.3904,0.4497,1795.9764,9.236,-7.3562,130.4577,0.172499999999999
Anion_0090,COc1ccc(C=CC(=O)[O-])cc1OC,1.2961,-4.8416,-3.5455,3.2186,-3.8542,22.2696,-1.0,416.5325,-74.3359,-2.8373,-4.1936,142.9077,0.4688,7.0728,0.1414,-0.3177,0.0071,16.8106,8.1818,0.7872,56.6781,0.466899999999999
Anion_0091,C=CCCCC(=O)[O-],2.0166,-4.4476,-2.431,3.1969,-6.265,12.868,-1.0,297.1944,-68.4641,-1.9897,-3.4394,82.4907,0.1784,9.4619,0.1057,-1.534,0.1245,69.4903,9.1512,-2.8022,107.2944,0.0926
Anion_0092,O=C([O-])C1CCC1,5.2728,-4.3993,0.8735,3.0705,-9.8567,10.8915,-1.0,256.5522,-68.5747,-1.91,-1.7629,66.3981,0.0105,12.9272,0.0773,-3.3931,0.4453,2469.5148,9.403,-7.2976,132.3899,-0.4636
Anion_0093,O=C([O-])C1=[C-]O[C+]=C1,1.3529,-4.3488,-2.9959,3.278,-5.5672,1.329,-1.0,241.0278,-50.0306,-1.211,-3.6723,62.6221,0.4526,8.8452,0.1131,-1.1446,0.0741,38.8651,10.4211,-3.2982,59.1937,-1.22952
Anion_0094,COc1cccc(CC(=O)[O-])c1,2.6971,-5.0098,-2.3127,3.1164,-5.4061,11.2814,-1.0,346.0762,-64.8622,-2.1238,-3.6613,115.6598,0.184,8.5225,0.1173,-1.1449,0.0769,43.8659,8.4607,-1.2954,83.4311,-0.0124
Anion_0095,O=C([O-])CCCc1ccc2ccc3cccc4ccc1c2c34,0.204,-5.1418,-4.9378,3.1619,-1.9693,18.0876,-0.0465,482.3583,-68.3076,-1.8776,-5.0398,219.8567,0.7237,5.1312,0.195,0.5963,0.0348,7.2684,7.4347,3.4124,41.6123,3.656600000000002
Anion_0096,CC(=O)CCCC(=O)[O-],1.7912,-4.9774,-3.1862,3.5648,-5.5135000000000005,7.9261,-1.0,295.0027,-63.9384,-2.5013,-4.0818,84.4087,0.2305,9.0784,0.1102,-0.9743,0.0523,27.0966,9.3217,-2.4443,89.2986,-0.5044000000000001
Anion_0097,O=C([O-])Cc1cccs1,2.3825,-5.1022,-2.7197,3.1306,-4.9809,9.488,-1.0,294.6679,-62.1629,-1.8485,-3.911,96.2619,0.2227,8.1115,0.1233,-0.9252,0.0528,33.3556,8.674,-0.9594,69.8057,0.040499999999999
Anion_0098,O=C([O-])CCCCc1ccccc1,1.5999,-4.6449,-3.045,3.2463,-4.813,13.3338,-1.0,369.8881,-69.2223,-1.7949000000000002,-3.8451,134.2579,0.2866,8.0593,0.1243,-0.7834,0.0385,26.6762,8.4982,-0.7074,92.768,1.149299999999999
Anion_0099,O=C([O-])CC1CCCCC1,5.3004,-4.43,0.8705,3.1078,-9.8678,15.396,-1.0,322.3303,-69.4627,-1.9526,-1.7797,101.5307,0.0103,12.9756,0.0771,-3.3801,0.4402,3570.484,8.912,-6.2695,133.4017,0.7066999999999991
Anion_0100,Cc1ccc(C=CC(=O)[O-])cc1,1.232,-4.7962,-3.5642,3.2701,-3.886,21.393,-1.0,359.8384,-73.2424,-2.3561,-4.1802,121.5511,0.4759,7.1561,0.1397,-0.308,0.0066,16.3132,8.7826,0.6763,56.3228,0.758119999999999
Anion_0102,CC(C)(C)CC(=O)[O-],5.2712,-4.4209,0.8503000000000001,3.0974,-9.8896,12.3225,-1.0,285.7706,-68.8625,-1.849,-1.7853,83.2561,0.0107,12.987,0.077,-3.3961,0.4441,3162.3559,9.2903,-7.4707,132.6432,0.172499999999999
Anion_0103,O=C([O-])c1cc2ccccc2o1,1.8443,-5.2876,-3.4433,3.746,-4.1429,15.971,-1.0,324.9482,-68.6675,-2.2382,-4.3654,109.5137,0.3176,7.8889,0.1268,-0.1985,0.0025,12.5376,9.3761,0.2122,68.5802,0.7963
Anion_0104,O=C([O-])Cc1ccccc1Cl,2.4788,-5.2620000000000005,-2.7833,3.2784,-4.853,10.4613,-1.0,323.3789,-63.82,-1.8755,-4.0227,111.2843,0.2304,8.1315,0.123,-0.7874,0.0381,26.2043,8.6188,-0.6432,78.4773,0.6323999999999991
Anion_0105,CC(C)CC(=O)C(=O)[O-],2.2556,-4.6672,-2.4116,3.2358,-6.5054,13.6662,-1.0,301.372,-66.8676,-2.3934,-3.5394,84.545,0.2321,9.7413,0.1027,-1.6348,0.1373,76.6194,9.502,-4.4291,67.0409,-0.6485000000000001
Anion_0106,O=C([O-])Cc1cccc(Cl)c1,2.4898,-5.3332,-2.8434,3.389,-4.7738,9.167,-1.0,331.5081,-59.9955,-1.8621,-4.0883,111.1679,0.2281,8.1628,0.1225,-0.6924,0.0294,22.4517,8.7469,-0.5423,79.066,0.6323999999999991
Anion_0107,O=C([O-])CC1=CC=[S+2]=C1,2.0403,-16.445,-14.4048,14.5135,6.5637,3.6022,1.0,319.7045,-49.2759,-3.0061,-15.4249,91.1957,0.3865,7.9498,0.1258,10.5385,6.9851,0.2533,19.667,10.1975,57.3949,-1.2466
Anion_0108,COC(=O)C=CC(=O)[O-],1.2074,-5.1812,-3.9738,3.7999,-4.1191,14.9428,-1.0,297.6263,-66.2848,-2.9835000000000003,-4.5776,76.9699,0.4742,7.919,0.1263,-0.1596,0.0016,11.9512,10.0081,-0.8305,51.4827,-1.5345
Anion_0109,O=C([O-])C(F)F,5.1555,-5.4461,-0.2906,4.3983,-8.8834,4.867,-1.0,214.9147,-59.754,-2.5815,-2.8683,38.1965,0.0119,13.2817,0.0753,-2.2426,0.1893,57.1755,11.7901,-7.6078,128.3862,-0.9986
Anion_0110,O=C([O-])C(F)(F)C(F)(F)F,5.5433,-6.5375,-0.9942,5.2724,-8.0301,4.745,-1.0,263.0936,-50.4453,-2.4036,-3.7658,53.6485,0.0073,13.3025,0.0752,-1.3788,0.0715,17.55,12.1909,-5.9111,141.0302,-0.0661
Anion_0111,N#[N+][N-]CC(=O)[O-],3.2335,-5.2881,-2.0546,3.794,-6.7145,6.072,-1.0,236.2661,-65.615,-1.9704,-3.6714,54.1573,0.1027,10.5085,0.0952,-1.4603000000000002,0.1015,38.5951,10.3176,-4.146,95.8555,-1.12192
Anion_0112,COc1ccccc1CC(=O)[O-],2.6584,-5.1605,-2.5021,3.2351,-5.1995000000000005,9.382,-1.0,334.1782,-64.3637,-1.8975,-3.8313,115.6108,0.1989,8.4346,0.1186,-0.9822,0.0572,33.2336,8.5611,-1.0783,82.5923,-0.0124
Anion_0113,Cc1ccc(C(=O)c2ccc(CC(=O)[O-])n2C)cc1,1.3462,-5.5777,-4.2315,3.2868,-2.8349,18.2752,-1.0,471.0,-63.8034,-2.6084,-4.9046,184.8366,0.529,6.1216,0.1634,0.226,0.0042,9.9225,7.9207,2.3151,51.6541,0.856919999999999
Anion_0114,O=C([O-])C=Cc1ccco1,1.4643000000000002,-4.854,-3.3897,3.4032,-4.3101,16.1593,-1.0,307.4989,-70.1428,-2.3771,-4.1219,92.0393,0.4081,7.7133,0.1296,-0.4535,0.0134,17.7374,9.3284,-0.2266,58.8301,0.042699999999999
Anion_0115,C=C(C(=O)[O-])c1ccccc1,2.1397,-4.9413,-2.8016,3.1348,-4.7675,11.734,-1.0,323.7489,-66.8811,-1.9176,-3.8714,110.2431,0.2938,7.9023,0.1265,-0.8164,0.0422,29.4031,8.719100000000001,-0.4686,69.6819,0.4497
Anion_0116,CC(C)C(=O)C(=O)[O-],2.217,-4.6283,-2.4114,3.1818,-6.5344,11.6233,-1.0,275.8266,-66.7036,-2.356,-3.5199,72.9182,0.2396,9.7162,0.1029,-1.6763,0.1446,85.9625,9.5759,-4.5063,66.7364,-1.0386
Anion_0117,COc1ccc(CCC(=O)[O-])cc1,1.5944,-4.6746,-3.0802,3.1602,-4.7987,17.4833,-1.0,376.4287,-69.3815,-2.3006,-3.8774,127.2188,0.3001,7.9589,0.1258,-0.8193,0.0423,29.0897,8.3476,-0.7853,85.8843,0.377699999999999
Anion_0118,O=C([O-])C(=O)Cc1c[nH+]c2cccc[c-]12,1.3145,-4.8718,-3.5573,3.0785,-3.9001,17.1902,-1.0,380.3892,-69.5197,-3.4031,-4.2146,138.7938,0.437,6.9786,0.1433,-0.4109,0.0122,19.6479,8.1197,0.9302,57.4552,-0.765699999999999
Anion_0119,O=C([O-])Cc1cccc(Br)c1,2.4079,-5.4875,-3.0796,3.5308,-4.5071,8.752,-1.0,338.7596,-59.4928,-1.9214,-4.2836,117.7507,0.2552,8.0379,0.1244,-0.4882,0.0148,17.3641,8.8281,0.0359,77.6303,0.741499999999999
Anion_0120,O=C([O-])Cc1ccc(C(F)(F)F)cc1,2.3641,-5.6515,-3.2873,3.7088,-4.3178,8.6733,-1.0,360.4434,-54.6926,-2.6218,-4.4694,114.0455,0.2538,8.0266,0.1246,-0.3045,0.0058,13.8528,9.3244,-0.1416,73.0945,0.9977999999999992
Anion_0121,CCCC=CC(=O)[O-],2.9679,-4.4499,-1.482,3.1584,-6.8398,15.8904,-1.0,297.9792,-71.3826,-2.1426,-2.966,82.4492,0.1307,9.9981,0.1,-1.8407,0.1695,115.3976,9.311,-3.869,83.088,0.0926
Anion_0122,CCOC(=O)C=CC(=O)[O-],1.218,-5.1656,-3.9477,3.7692,-4.1205,18.1526,-1.0,327.6214,-66.8643,-2.9252,-4.5566,88.556,0.4721,7.8897,0.1267,-0.1756,0.002,12.2192,9.6936,-0.7848,51.581,-1.144399999999999
Anion_0123,O=C([O-])C=Cc1ccc(F)cc1,1.0821,-5.0345,-3.9524,3.5459,-3.5869,15.0796,-1.0,341.6923,-67.9089,-2.8081,-4.4935,110.0802,0.5165000000000001,7.1328,0.1402,-0.0205,0.0,11.4777,9.3466,0.8195,54.2727,0.5888
Anion_0124,O=C([O-])COc1ccc2ccccc2c1,1.2437,-5.2274,-3.9837,3.2223,-3.3951,14.2574,-1.0,384.1212,-66.0431,-2.0211,-4.6056,144.1437,0.4228,6.6174,0.1511,-0.0864,0.0006,13.4618,8.0999,1.1634,58.1716,0.968499999999999
Anion_0125,CCCCCCCCCCC/C=C\CCCCC(=O)[O-],1.9469,-4.7688,-2.822,3.1985,-5.5143,16.3069,-1.0,530.3776,-68.8198,-1.4675,-3.7954,222.7381,0.1854,8.7128,0.1148,-1.1579,0.077,41.8949,7.7233,-1.3842,105.1106,4.773800000000004
Anion_0126,COC(=O)CCCCC(=O)[O-],3.0869,-5.2421,-2.1552,3.6544,-6.1741,9.8434,-0.9998,340.3624,-67.2815,-2.5232,-3.6987,101.217,0.1159,9.8284,0.1021,-1.2599,0.0813,34.5047,9.1169,-2.6877,109.1525,-0.5303
Anion_0127,O=C([O-])Cc1ccccc1Br,2.4306,-5.4398,-3.0093,3.4345,-4.6198,10.7152,-1.0,328.8001,-61.508,-1.894,-4.2245,117.8575,0.2472,8.0543,0.1242,-0.5926,0.0218,19.9435,8.7348,-0.2451,77.1497,0.741499999999999
Anion_0128,O=C([O-])c1cc2ccccc2s1,1.8494,-5.4428,-3.5934,3.6817,-3.8155,16.016,-1.0,332.7587,-69.3974,-2.1312,-4.5181,124.5775,0.3702,7.4972,0.1334,-0.0669,0.0003,11.4758,8.8866,0.8018000000000001,62.8591,1.2648
Anion_0129,CCC=CC(=O)[O-],2.9295,-4.4104,-1.4809,3.1507,-6.8632,14.5057,-1.0,274.118,-71.7045,-2.2277,-2.9456,70.7332,0.1355,10.0139,0.0999,-1.8563,0.1721,119.8163,9.606,-3.974,82.1276,-0.2975
Anion_0130,CC(C)=CCCC(C)=CC(=O)[O-],2.8026,-4.6587,-1.8561,3.0847,-5.8287,13.7363,-1.0,358.5248,-70.0771,-2.0119,-3.2575,128.337,0.1419,8.9134,0.1122,-1.372,0.1056,60.8251,8.359,-1.4116,90.6328,1.428999999999999
Anion_0131,O=C([O-])C1=CCCCC1,3.1391,-4.4789,-1.3398,3.0504,-6.8204,14.425,-1.0,293.8074,-71.7617,-2.08,-2.9094,88.97,0.1115,9.8708,0.1013,-1.885,0.18,145.3488,9.1181,-3.6532,85.392,0.236699999999999
Anion_0132,O=C([O-])CCC1=[N+]=C(c2ccccc2)C(=C2C=CC=C[CH-]2)O1,0.4967,-5.2726,-4.7759,3.3455,-2.1017,23.4693,-0.8994000000000001,525.281,-70.2461,-2.4461,-5.0243,213.3304,0.6218,5.4472000000000005,0.1837,0.6219,0.0364,6.944,7.8155,3.3863,50.9543,1.0860899999999991
Anion_0133,O=C([O-])CN1C(=O)C[S+]=C1[S-],2.4327,-6.5252,-4.0925,4.4655000000000005,-3.5822000000000003,2.271,-1.0,316.9859,-48.1045,-2.1202,-5.3089,111.8847,0.2807,8.0477,0.1243,0.4416,0.0121,6.684,9.2974,0.9894,71.7515,-2.7046
Anion_0134,CCCCCCCCCCCCCC=CC(=O)[O-],2.9511000000000003,-4.4391,-1.488,3.1425,-6.7086,39.0659,-1.0,585.4688,-72.8954,-2.4856,-2.9636,199.049,0.1332,9.8511,0.1015,-1.783,0.1614,106.5972,8.052,-1.544,82.5218,3.993600000000002
Anion_0135,O=C([O-])CCCC(=O)c1ccccc1,0.9953,-5.2812,-4.2859,3.5627,-3.2568,10.1717,-1.0,379.0045,-64.2072,-2.3605,-4.7836,135.4785,0.457,6.8196,0.1467,0.153,0.0017,9.879,8.6896,0.9144,61.2202,0.7894999999999991
Anion_0136,O=C([O-])CC12CC3CC(CC(C3)C1)C2,5.276,-4.5531,0.7229,3.0417,-9.5447,16.483,-1.0,359.3462,-69.3618,-1.8274,-1.9151,137.9454,0.0106,12.5865,0.0794,-3.2515,0.42,6805.8904,8.3269,-5.3002,132.7658,1.342799999999999
Anion_0137,O=C([O-])CF,5.128,-4.8564,0.2716,3.8578,-9.4159,6.081,-1.0,204.9456,-64.5381,-2.5346,-2.2924,37.0086,0.0125,13.2737,0.0753,-2.7791,0.2909,228.3105,11.3764,-8.0294,127.454,-1.2942
Anion_0138,O=C([O-])Cc1ccc2c(c1)OCO2,2.4608,-5.1395,-2.6787,3.1325,-5.0809,12.428,-1.0,345.8364,-61.7339,-2.2784,-3.9091,115.1294,0.2179,8.2134,0.1218,-0.9742,0.0578,35.2609,8.2518,-1.0003,78.8842,-0.2923
Anion_0139,COC1=CC=CC(=CC=C([O-])[O-])[CH+]1,1.2103,-4.8776,-3.6673,3.3383,-3.8155,19.1633,-1.0,374.6542,-71.4973,-2.5527,-4.2724,126.3796,0.476,7.1538,0.1398,-0.2386,0.004,14.892,8.6374,0.6725,55.8925,-0.220809999999999
Anion_0140,COC1=CC(=CC=C([O-])[O-])C=C(OC)[C+]1OC,1.1737,-4.9926,-3.8189,3.3962,-3.5477,20.8586,-1.0,455.9653,-73.1684,-3.0525,-4.4058,159.3824,0.4903,6.944,0.144,-0.0757,0.0004,12.5961,8.3511,1.1457,54.8458,-0.27261
Anion_0141,O=C([O-])Cc1ccc(Cl)c(Cl)c1,2.3491,-5.6291,-3.28,3.5321,-4.2138,7.415,-1.0,353.0579,-55.7814,-1.8577,-4.4546,123.3162,0.2614,7.7459,0.1291,-0.3409,0.0075,15.2114,8.5253,0.2339,74.5074,1.285799999999999
Anion_0142,C=CCCCCC(=O)[O-],1.9559,-4.4382,-2.4823,3.1789,-6.1965,13.3013,-1.0,316.2902,-69.1787,-1.9153,-3.4603,94.211,0.1815,9.3754,0.1069,-1.5088,0.1226,71.7488,8.9597,-2.6253,107.9978,0.482699999999999
Anion_0143,O=C([O-])c1ccc(Cl)s1,2.3559,-5.7421,-3.3862,4.0614,-4.253,8.707,-1.0,291.7876,-62.3849,-1.981,-4.5642,96.749,0.245,8.3144,0.1203,-0.0958,0.0006,10.5742,9.5704,-0.134,70.6991,0.764999999999999
Anion_0144,Cc1c[n+](CC(=O)[O-])c([O-])[nH+]c1[O-],1.6455000000000002,-5.7502,-4.1047,4.2297,-3.7973,8.496,-1.0,347.9645,-62.1587,-4.7185,-4.9275,110.3213,0.2932,8.027,0.1246,0.2162,0.0029,8.1222,9.4788,-0.0651,77.7157,-4.006279999999998
Anion_0145,COc1cc(CC(=O)[O-])cc(OC)c1OC,2.7423,-5.1781,-2.4358,3.1472,-5.0827,11.8904,-1.0,427.1108,-66.8008,-2.642,-3.8069,148.6455,0.185,8.2299,0.1215,-0.9678,0.0569,34.6864,8.1354,-0.6935,80.7407,0.004799999999999
Anion_0146,Cc1ccc(C(=O)[O-])s1,2.2781,-5.0811,-2.803,3.5507,-4.914,14.851,-1.0,296.2979,-72.648,-2.3985,-3.9421,96.0582,0.2503,8.4647,0.1181,-0.6816,0.0274,20.5677,9.3789,-0.904,71.1654,0.420019999999999
Anion_0147,CC=C(C)C(=O)[O-],,,,,,,,,,,,,,,,,,,,,,
Anion_0148,O=C([O-])C=Cc1ccc2c(c1)OCO2,1.1416,-4.9675,-3.8259,3.3867000000000003,-3.6352,20.0199,-1.0,370.6614,-69.2158,-2.7293000000000003,-4.3967,125.874,0.5053,7.0219,0.1424,-0.1243,0.0011,13.1946,8.5159,0.9013,54.723,0.178399999999999
Anion_0149,CCCCCCCCCCCC(=O)N(C)CC(=O)[O-],3.3679,-5.1076,-1.7397,3.3295,-6.492,21.7745,-1.0,562.582,-65.9518,-2.5332,-3.4236,198.846,0.0764,9.8215,0.1018,-1.5812,0.1273,64.278,7.8672,-1.9017,102.0692,2.115599999999999
Anion_0150,O=C([O-])Cc1cccnc1,2.2512,-5.1858,-2.9346,3.3264,-5.0227,9.387,-1.0,298.688,-63.5971,-1.843,-4.0602,94.6707,0.2631,8.3491,0.1198,-0.8482000000000001,0.0431,27.1887,8.8925,-1.2608,75.0133,-0.626
Anion_0151,CC(=Cc1ccccc1)C(=O)[O-],1.7024,-4.8891,-3.1867,3.2496,-4.3125,12.4208,-1.0,348.4629,-69.2058,-2.0284,-4.0379,121.7593,0.364,7.5621,0.1323,-0.5315,0.0192,20.6287,8.7043,0.1202,65.8873,0.8397999999999991
Anion_0152,O=C([O-])CC(F)(F)F,5.5556,-5.5771,-0.0215,4.488,-8.9708,6.385,-1.0,248.9446,-58.1147,-2.737,-2.7993,51.274,0.0078,13.4588,0.0743,-2.2414,0.1866,53.3333,11.7831,-6.6896,139.7737,-0.311299999999999
Anion_0153,Cc1ccc2c(=O)c3cccc(CC(=O)[O-])c3oc2c1C,1.0446,-5.5966000000000005,-4.552,3.3578,-2.5452,11.1034,-1.0,460.2378,-65.6182,-2.5746,-5.0743,197.5138,0.5958,5.9030000000000005,0.1694,0.4063,0.014,8.332699999999999,7.8678,2.6872,48.7896,1.855439999999999
Anion_0154,O=C([O-])CC(c1ccccc1)c1ccccc1,1.6635,-4.9639,-3.3005,3.3211,-3.8483,14.6792,-1.0,429.9831,-68.3809,-2.0089,-4.1326,173.4922,0.3936,7.1694,0.1395,-0.2637,0.0049,15.3465,8.3465,1.3648,81.3276,1.9585
Anion_0155,O=C([O-])CC1CC1,5.2722,-4.4033,0.8688,3.127,-9.3617,11.4968,-1.0,263.3662,-68.4697,-1.9764,-1.7672,66.3485,0.0107,12.4886,0.0801,-3.1173,0.3891,,9.5867,-5.8507,131.9759,-0.4636
Anion_0156,CC(C)(C(=O)[O-])c1ccccc1,2.6447000000000003,-4.9388000000000005,-2.2941000000000003,2.9517,-5.416,9.448,-1.0,340.3689,-63.9958,-1.6051000000000002,-3.6165,122.7647,0.1984,8.3677,0.1195,-1.2322,0.0907,56.5931,8.3412,-1.2707,82.4385,0.7140999999999991
Anion_0157,CCOC(=O)CCC(=O)[O-],4.9786,-5.9435,-0.9649,4.1758,-7.7129,6.36,-1.0,310.7376,-65.5828,-2.2185,-3.4542,89.3865,0.0176,11.8887,0.0841,-1.7685,0.1316,41.0962,9.5998,-4.7622,131.1217,-0.9204
Anion_0158,COc1ccccc1C=CC(=O)[O-],1.2538,-4.7944,-3.5406,3.2431,-3.9492,18.6382,-1.0,368.1884,-73.6638,-2.5172,-4.1675,126.4589,0.4605,7.1923,0.1391,-0.3531,0.0087,17.2367,8.608,0.5583,57.936,0.458299999999999
Anion_0159,O=Cc1ccc(C(=O)[O-])o1,1.1241,-5.7739,-4.6498,4.2456,-3.292,8.144,-1.0,293.6958,-59.444,-2.5472,-5.2119,82.8488,0.4726,7.5376,0.1327,0.4768,0.0151,6.76,10.0767,0.4023,55.2559,-0.5444
Anion_0160,O=C([O-])Cc1ccccc1F,2.5097,-5.1606,-2.6509,3.31,-5.1226,10.996,-1.0,312.9477,-65.0064,-2.3506,-3.9058,99.452,0.222,8.4326,0.1186,-0.9063,0.0487,29.1886,8.9828,-1.1839,80.3375,0.118099999999999
Anion_0161,O=C([O-])Cc1cccc(F)c1,2.5674,-5.2422,-2.6748000000000003,3.3848000000000003,-5.0975,9.577,-1.0,316.5374,-61.1589,-2.3722,-3.9585,99.3784,0.2111,8.4823,0.1179,-0.8564,0.0432,26.5393,9.0622,-1.1332,80.5574,0.118099999999999
Anion_0162,O=C([O-])CCC1CCCCC1,5.2741,-4.383,0.8912,3.1246,-9.7939,16.1473,-1.0,345.6536,-70.1837,-1.9873,-1.7459,113.1993,0.0106,12.9185,0.0774,-3.3347,0.4304,6029.2733,8.7815,-5.7474,132.5275,1.096799999999999
Anion_0163,O=C([O-])CCCCCN1C(=O)C=CC1=O,2.1218,-6.2498000000000005,-4.128,4.1542,-3.6038,6.5217,-1.0,369.4002,-60.9988,-2.5178000000000003,-5.1888,136.5162,0.3172,7.758,0.1289,0.2752,0.0051,7.9095,8.8968,0.4578,66.7119,-0.7783000000000001
Anion_0164,O=C([O-])C(c1ccccc1)(c1ccccc1)c1ccccc1,2.6638,-5.5457,-2.8819,3.0373,-3.923,8.2758,-1.0,486.1963,-59.6236,-1.3712,-4.2139,224.9783,0.3226,6.9603,0.1437,-0.4429,0.0141,20.6862,7.4273,1.8691,73.1142,2.770900000000001
Anion_0165,CCCC(=O)C(=O)[O-],2.2458,-4.6469000000000005,-2.4011,3.2477,-6.5563,12.2346,-1.0,279.6053,-66.3883,-2.4139,-3.524,72.9078,0.2342,9.804,0.102,-1.6543,0.1397,77.7731,9.6454,-4.5732,67.0249,-0.8945000000000001
Anion_0166,COc1ccc(C(=O)CCC(=O)[O-])cc1,1.0953,-5.3255,-4.2303,3.5296000000000003,-3.2363,14.8769,-1.0,399.7846,-66.2291,-2.7619,-4.7779,140.1835,0.4841,6.7658000000000005,0.1478,0.1466,0.0016,10.0131,8.5418,1.0221,56.4885,0.407999999999999
Anion_0167,CCOCC(=O)[O-],5.0069,-4.625,0.3819,3.3173,-9.3455,9.0129,-1.0,257.5622,-67.4899,-2.0009,-2.1216,64.8173,0.014,12.6628,0.079,-3.014,0.3588,5045.9862,9.7456,-7.0317,124.7726,-1.2272
Anion_0168,C#CCCCCC(=O)[O-],3.3134,-4.478,-1.1646,3.1887,-7.3022,12.9174,-1.0,314.2482,-68.4605,-2.2044,-2.8213,89.4242,0.086,10.4909,0.0954,-2.0567,0.202,172.0406,9.0296,-3.458,120.6749,-0.0701
Anion_0169,COC(=O)CC(=O)[O-],3.5823,-5.4103,-1.828,3.9641,-6.611,9.2141,-1.0,273.0323,-63.9902,-2.6222,-3.6191,66.181,0.065,10.5752,0.0945,-1.3235,0.0828,30.3299,10.2975,-3.8478,103.2047,-1.700599999999999
Anion_0170,O=C([O-])C1c2ccccc2-c2ccccc21,2.4378,-5.5552,-3.1174,3.2041,-4.0642,8.574,-1.0,388.3897,-56.3179,-1.4596,-4.3363,157.049,0.2542,7.2683,0.1376,-0.43,0.0127,18.8893,8.0085,0.9468,68.154,1.548799999999999
Anion_0171,C[n+]1c(C(=O)[O-])cc2cccc[c-]21,2.0791,-5.0886,-3.0095,3.3584,-4.4886,13.649,-1.0,342.8295,-67.927,-1.976,-4.0491,125.8849,0.2845,7.846999999999999,0.1274,-0.5651,0.0203,20.1126,8.5711,0.0322,69.7734,-0.2533
Anion_0172,COc1ccc(C(=O)C(=O)[O-])cc1,1.5065,-4.9762,-3.4697,3.1472,-4.1101,17.5918,-1.0,357.0206,-69.6145,-2.7344,-4.2229,117.1343,0.5266000000000001,7.2573,0.1378,-0.4814,0.016,20.4246,8.6695,0.1104,45.3693,-0.3722
Anion_0173,C#CCCCCCCCCC(=O)[O-],2.2412,-4.4018,-2.1605,3.1476,-6.3855,22.3132,-1.0,432.8305,-70.6557,-2.3015,-3.2811,136.1257,0.1546,9.5331,0.1051,-1.6189,0.1387,94.2796,8.3787,-2.0177,117.6743,1.4903
Anion_0174,CCC(C)(C)C(=O)[O-],5.1978,-4.3553,0.8425,2.9153,-9.7637,10.2264,-1.0,284.5499,-68.8888,-1.7332,-1.7564000000000002,83.3757,0.0113,12.6789,0.0788,-3.4242,0.4624,982.965,9.1561,-7.4121,130.6744,0.172499999999999
Anion_0175,COc1ccc(C#CC(=O)[O-])cc1,1.6876,-5.1351,-3.4475,3.5732,-4.048,24.189,-1.0,380.7581,-71.3283,-2.7071,-4.2913,121.8133,0.3727,7.6212,0.1312,-0.2374,0.0037,13.6986,8.782399999999999,0.45,68.784,-0.2034
Anion_0177,C=CCCCCCCCC(=O)[O-],0.7107,-4.3876,-3.6769,3.1477,-5.04,22.4427,-0.4244,414.6954,-69.6004,-2.1275,-4.0322,129.175,0.2806,8.1877,0.1222,-0.9461,0.0551,34.1925,8.4395,-1.1022,101.8765,1.6529999999999991
Anion_0178,CC(=O)CCCCC(=O)[O-],1.7439,-4.9904,-3.2465,3.48,-5.4046,7.1012,-1.0,321.4171,-63.8495,-2.4451,-4.1185,96.1008,0.2301,8.8845,0.1125,-0.9623,0.0521,28.0374,8.9665,-2.1191,89.7524,-0.1143
Anion_0179,COc1ccc(CCC(=O)[O-])cc1OC,2.009,-4.7995,-2.7906,3.2049,-4.9482,12.9537,-1.0,402.4852,-69.3871,-2.4129,-3.795,143.6327,0.2494,8.1531,0.1226,-0.8716,0.0467,30.0647,8.0756,-0.7578,88.4885,0.386299999999999
Anion_0180,O=C([O-])C=Cc1ccccc1Cl,0.9986,-5.0228,-4.0243,3.4709,-3.4131,17.6594,-1.0,351.9777,-72.146,-2.4194,-4.5235,122.0071,0.5414,6.8839,0.1452,0.0289,0.0001,11.2415,8.956,1.1809,52.516,1.1031
Anion_0181,Cc1ccc(C(=O)C(=O)[O-])cc1,1.5357,-4.9573,-3.4216,3.1336,-4.1491,16.4639,-1.0,342.0508,-70.0734,-2.5367,-4.1895,112.3082,0.512,7.2826,0.1374,-0.5077,0.0177,21.1236,8.8046,0.0889,45.5945,-0.07238
Anion_0182,O=C([O-])C(=O)c1ccc(Cl)cc1,1.5194,-5.3679,-3.8485,3.453,-3.6403,9.7941,-1.0,339.5861,-61.1311,-2.3841,-4.6082,112.7387,0.5406000000000001,7.0933,0.141,-0.0937,0.0006,12.5706,8.9064,0.7395,44.4726,0.272599999999999
Anion_0183,O=C([O-])CC1CCCC1,5.2166,-4.4156,0.801,3.0985,-9.7543,12.1472,-1.0,296.8051,-69.1252,-1.8181,-1.8073,89.8319,0.0113,12.8528,0.0778,-3.3279,0.4309,4998.6747,9.085,-6.6867,130.8915,0.316599999999999
Anion_0184,COC(=O)CCCC(=O)[O-],5.0524,-5.872,-0.8196,3.9047,-7.4518,6.6856,-1.0,306.3379,-67.2695,-2.1695,-3.3458,89.6488,0.0177,11.3565,0.0881,-1.7736,0.1385,50.0082,9.3001,-4.1993,125.371,-0.9204
Anion_0185,O=C([O-])C1=[N+]=[NH+]c2ccccc21,2.1587,-15.1174,-12.9587,13.0886,4.948,4.594,1.0,321.6395,-51.4211,-2.7946,-14.0381,102.7864,0.2925,8.1406,0.1228,9.0183,4.9953,0.3331,18.6403,9.2405,73.2693,-2.388299999999998
Anion_0186,CCC=CCC(=O)[O-],3.4225,-4.6690000000000005,-1.2465,3.0071,-6.9389,11.4233,-1.0,291.4401,-65.8591,-1.8003,-2.9577,82.6856,0.0752,9.946,0.1006,-1.9659,0.1943,185.37,8.9626,-3.5404,95.1215,0.0926
Anion_0187,O=C([O-])c1cc[nH+][n-]1,2.5448,-4.513,-1.9682,3.2634,-6.2953,13.482,-1.0,253.0273,-80.1791,-3.6512,-3.2406,69.3324,0.1811,9.5587,0.1046,-1.516,0.1202,62.6174,10.0304,-3.2402,82.2338,-2.178599999999999
Anion_0188,CSCC(=O)[O-],3.6625,-5.058,-1.3955,3.2743,-6.3965,6.099,-1.0,248.807,-63.3016,-1.9161,-3.2268,67.7231,0.0655,9.6708,0.1034,-1.5611000000000002,0.126,65.9196,9.1711,-2.4881,97.3656,-0.9007000000000001
Anion_0189,Cc1ccc(C(=O)CCC(=O)[O-])cc1,1.0533,-5.3157,-4.2623,3.5175,-3.1917,14.6807,-1.0,384.9508,-66.7694,-2.5724,-4.789,135.3159,0.4962,6.7092,0.149,0.1628,0.002,9.9068,8.699,1.0979,55.049,0.707819999999999
Anion_0190,O=C([O-])CC=Cc1ccccc1,1.9851,-5.252,-3.2669,3.0474,-4.0894,13.2235,-1.0,361.2757,-61.5351,-1.8189,-4.2595,122.05,0.3399,7.1367,0.1401,-0.521,0.019,22.368,8.0969,0.5267000000000001,59.3293,0.8398
Anion_0191,O=C([O-])c1cc2cc3c4c(c2oc1=O)CCCN4CCC3,1.0588,-5.2147,-4.1559,3.2923,-3.0496,29.9596,-1.0,474.2493,-88.1017,-3.3396,-4.6853,191.8468,0.5808,6.3419,0.1577,0.1214,0.0012,10.8922,7.8764,1.8947,49.2618,0.8553000000000001
Anion_0193,O=C([O-])C=Cc1cccnc1,0.9589,-5.0176,-4.0587,3.4226,-3.5562,15.6771,-1.0,324.0637,-70.0987,-2.2639,-4.5382,105.3517,0.5612,6.9788,0.1433,-0.0668,0.0003,12.3946,8.914,0.7546,51.2782,-0.1553
Anion_0194,CC1(C(=O)[O-])CCCCC1,5.2115,-4.4285,0.783,2.9290000000000003,-9.6838,10.7911,-1.0,308.8605,-68.922,-1.6484,-1.8228,101.6719,0.0111,12.6128,0.0793,-3.3773,0.4522,1276.4667,8.854800000000001,-6.9461,131.0492,0.7066999999999991
Anion_0195,O=C([O-])Cc1cc2ccccc2[nH]1,2.5435,-5.4051,-2.8616,3.2608,-4.6905,11.904,-1.0,352.5789,-59.2342,-2.1428,-4.1334,125.8177,0.1896,7.9513,0.1258,-0.7148,0.0321,24.5339,8.2406,-0.2174,76.9507,0.460299999999999
Anion_0196,O=C([O-])C1CCCCCC1,5.2513,-4.4708,0.7805000000000001,3.0361,-9.6415,14.5713,-1.0,315.6661,-69.3666,-1.8895,-1.8451,101.5983,0.0107,12.6776,0.0788,-3.3027,0.4303,4218.7364,8.9142,-6.148,132.1728,0.7066999999999991
Anion_0197,O=C([O-])CCC(=O)c1ccc(Cl)cc1,0.9335,-5.6213,-4.6877,3.7624,-2.6723,10.0165,-1.0,381.6169,-60.6767,-2.4882,-5.1545,135.7789,0.5505,6.4347,0.1554,0.545,0.0231,6.9361,8.8053,1.7559,51.8698,1.052799999999999
Anion_0198,Cc1ccc(OCC(=O)[O-])cc1,2.2652,-4.9661,-2.701,3.1585,-5.2009,14.4065,-1.0,348.9176,-68.0481,-2.1659,-3.8336,115.6496,0.2126,8.3594,0.1196,-1.0212,0.0624,36.629,8.3717,-1.1537,86.0926,0.123719999999999
Anion_0199,O=C([O-])CCC(=O)OCc1ccccc1,2.9097,-6.1267,-3.217,4.1428,-4.4966,10.3708,-1.0,394.2492,-66.283,-2.1564,-4.6718,140.0992,0.1589,8.6395,0.1158,-0.1769,0.002,11.007,8.8045,0.2609,100.4564,0.259899999999999
Anion_0200,CC(=O)OCC(=O)[O-],5.001,-5.8825,-0.8815000000000001,4.1487,-7.4794,6.3636,-1.0,260.097,-62.6735,-2.37,-3.382,66.1673,0.0179,11.628,0.086,-1.6654,0.1193,37.7152,10.2632,-4.523,124.0211,-1.700599999999999
