code_name,SMILES,HOMO-LUMO gap,HOMO,LUMO,IP,EA,Dipole module,Total charge,Global SASA,G solv. in H2O,G of H-bonds H2O,MolLogP
Anion_0001,CC(=O)[O-],5.3351,-4.2024,1.1327,3.3045,-10.4249,7.138,-1.0,192.5967,-68.9658,-2.1547,-1.2438
Anion_0002,CCCCCCCC/C=C\CCCCCCCC(=O)O,4.0571,-10.3812,-6.3242,7.6317,-1.4498,1.8413,0.0,600.8035,-9.6848,-5.243,6.108500000000006
Anion_0003,CCCCCCCCCCCCCCCC(=O)[O-],5.3131,-4.3573,0.9559,3.1335,-8.6616,37.5426,-1.0,598.9517,-70.505,-2.31,4.217600000000003
Anion_0004,CCCCCCCCCCCCCCCCCC(=O)[O-],5.2403,-4.5644,0.6759000000000001,3.2112,-8.7797,27.8235,-1.0,610.9026,-69.4885,-1.8624,4.997800000000004
Anion_0005,CCCCC/C=C\C/C=C\CCCCCCC(=O)O,4.0262,-10.3534,-6.3272,7.6388,-1.1555,1.8364,0.0,568.8514,-10.4796,-5.949,5.494400000000004
Anion_0006,O=C([O-])Cc1c[nH+]c2cccc[c-]12,1.7396,-4.6764,-2.9368,2.7114000000000003,-4.6512,13.904,-1.0,348.5588,-71.161,-2.9594,-0.3348
Anion_0007,C=CC(=O)[O-],2.8529,-4.3802,-1.5273,3.2898,-7.0772,8.357,-1.0,212.0876,-69.5281,-2.1174,-1.0777
Anion_0008,CCC=CCC=CCC=CCCCCCCCC(=O)[O-],1.1507,-4.6172,-3.4665,3.0923,-3.9687,21.7845,-0.9927,536.5914,-70.5936,-2.0532,4.325800000000003
Anion_0009,O=C([O-])Cc1cccc2ccccc12,1.7475,-5.2297,-3.4822,3.0496,-3.8363,11.319,-1.0,360.7595,-63.5311,-1.7269,1.132199999999999
Anion_0010,CCCCCCCCCCCC(=O)[O-],5.3026,-4.3526,0.95,3.1433,-9.0542,28.864,-1.0,483.9757,-70.1112,-2.1834,2.6572
Anion_0011,CCCCCCCCCCCCCC(=O)[O-],5.3287,-4.3556,0.9731,3.1292,-8.6174,35.5987,-1.0,548.8916,-70.2336,-2.3087,3.437400000000002
Anion_0012,CCCCCCCC(=O)[O-],5.266,-4.3813,0.8847,3.1533,-9.7079,15.9168,-1.0,355.856,-69.9319,-1.9618,1.0968
Anion_0013,CCCCCC(=O)[O-],5.2873,-4.3367,0.9507,3.1333,-9.9882,13.7983,-1.0,302.4146,-69.6968,-1.9907,0.3166
Anion_0014,C=C(C)C(=O)[O-],3.0524,-4.3933,-1.3409,3.1664,-7.0666,9.53,-1.0,236.798,-69.5783,-1.9883,-0.6876
Anion_0015,O=C([O-])Cc1ccccc1,2.6186,-4.937,-2.3184,3.0923,-5.4661,10.92,-1.0,305.9285,-64.4669,-1.8071,-0.021
Anion_0016,CCC(=O)[O-],5.2729,-4.2305,1.0423,3.1312,-10.2172,9.2255,-1.0,221.425,-69.0686,-2.0213,-0.8537
Anion_0017,O=C([O-])COc1ccc(Cl)cc1Cl,1.7714,-5.5814,-3.81,3.6881,-3.8366,8.2455,-1.0,369.5698,-59.4961,-2.1152,1.122099999999999
Anion_0018,O=C([O-])CS,4.5907,-5.5954,-1.0047,3.928,-6.9489,3.044,-1.0,219.4367,-56.9921,-2.0693,-1.3339
Anion_0019,CCCC(CCC)C(=O)[O-],5.1816,-4.3968,0.7848,2.9972000000000003,-9.6632,10.7138,-1.0,353.5538,-70.3531,-1.9046,0.9526999999999992
Anion_0020,CCCCC(=O)[O-],5.3004,-4.3233,0.977,3.1424,-10.0882,13.1482,-1.0,276.1643,-69.4389,-2.0139,-0.0735
Anion_0021,CC(C)C(=O)[O-],5.1988,-4.2705,0.9283,3.0058,-9.9837,9.683,-1.0,245.7272,-68.8985,-1.9395,-0.6077
Anion_0022,CC(=O)CCC(=O)[O-],1.8819,-5.0016,-3.1197,3.6755,-5.623,6.6998,-1.0,274.2401,-62.7851,-2.6149,-0.8945000000000001
Anion_0023,O=C([O-])CCS,4.3921,-5.5177,-1.1257,3.6329,-6.6332,6.128,-1.0,244.8819,-56.2917,-1.8831,-0.9438
Anion_0024,CC(C)CC(=O)[O-],5.2851,-4.3448,0.9403,3.1214,-10.0295,11.9372,-1.0,270.2078,-69.2716,-1.9626,-0.2176
Anion_0025,CCCCCCC=CCCCCCCCC(=O)[O-],1.4555,-4.5018,-3.0463,3.1272,-5.3302,23.365,-1.0,532.4054,-70.5148,-1.8729,3.993600000000002
Anion_0026,N#CCC(=O)[O-],4.2603,-5.3148,-1.0545,4.0239,-7.5715,5.885,-1.0,228.3065,-63.7777,-2.1823,-1.35002
Anion_0027,O=CC(=O)[O-],1.6056,-4.8208,-3.2152,3.7276,-5.8233,4.57,-1.0,200.0949,-61.4931,-2.1401,-2.0648
Anion_0028,O=C([O-])CCc1ccccc1,1.5879,-4.7016,-3.1137,3.2172,-4.7187,15.7505,-1.0,336.3091,-68.1489,-2.0269,0.369099999999999
Anion_0029,CC(C)(C)C(=O)[O-],5.2064,-4.3097,0.8967,2.9195,-9.8889,9.844,-1.0,263.2376,-68.5406,-1.7665000000000002,-0.2176
Anion_0030,CCCCCCCCC(=O)[O-],5.2718,-4.4857,0.7861,3.1936,-9.669,11.6897,-1.0,363.6253,-69.6734,-1.6931,1.486899999999999
Anion_0031,CCCCCCC(=O)[O-],5.2842,-4.4139,0.8703000000000001,3.1755,-9.8496,12.8591,-1.0,320.3259,-69.3578,-1.8498,0.7066999999999991
Anion_0032,O=C([O-])CCCc1c[nH+]c2cccc[c-]12,1.1736,-4.6294,-3.4558,3.0004,-4.1747,15.6581,-0.9974,388.1177,-70.5685,-2.7734,0.445399999999999
Anion_0033,CC=CC(=O)[O-],2.9388,-4.3819,-1.4431,3.166,-6.9487000000000005,11.9575,-1.0,243.5753,-71.819,-2.2486,-0.6876
Anion_0034,O=C([O-])C1CCCCC1,5.2539,-4.4022,0.8516,3.0002,-9.8264,13.0351,-1.0,294.2739,-69.3287,-1.853,0.316599999999999
Anion_0035,CCCCCCCCCCCCCCC(=O)[O-],5.2348,-4.4732,0.7616,3.1649,-8.941,25.3553,-1.0,538.0334,-70.3118,-1.9789,3.827500000000002
Anion_0036,O=C([O-])c1ccco1,2.9582,-4.9309,-1.9727,3.6648,-6.1261,11.469,-1.0,255.0874,-68.9348,-2.2193,-0.3569
Anion_0037,CN(C)CC(=O)[O-],4.8696,-4.2077,0.6619,2.6342,-9.6051,10.0136,-1.0,259.1864,-69.9839,-1.887,-1.702099999999999
Anion_0038,O=C([O-])CCCc1ccccc1,1.5368,-4.6004000000000005,-3.0635,3.2044,-4.7909,14.5675,-1.0,350.1557,-68.6233,-1.8546,0.7591999999999991
Anion_0039,CC=CC=CC(=O)[O-],1.5590000000000002,-4.6219,-3.0628,3.2175,-4.8203,17.1406,-1.0,299.1875,-73.1623,-2.3623,-0.131399999999999
Anion_0040,C#CC(=O)[O-],4.0323,-4.7041,-0.6718000000000001,3.7382,-8.0274,7.08,-1.0,208.2179,-68.0748,-2.4349,-1.6305
Anion_0041,O=C([O-])C(=O)c1ccccc1,1.5592,-5.0091,-3.4499,3.225,-4.2019,12.7721,-1.0,313.3863,-67.2338,-2.3668,-0.3808
Anion_0042,COc1ccc(CC(=O)[O-])cc1,2.4417,-4.9218,-2.4801,2.9645,-5.3476,14.342,-1.0,350.1878,-65.8703,-2.1552,-0.0124
Anion_0043,O=C([O-])c1cccs1,2.2448,-5.1252,-2.8804,3.6609,-4.9391,11.255,-1.0,265.8479,-69.0504,-2.1777,0.111599999999999
Anion_0044,CCCCCCC/C=C/CCCCCC(=O)[O-],1.2681,-4.3942,-3.1261,3.1027,-5.2642,35.1554,-1.0,566.158,-70.1843,-2.2445,3.603500000000002
Anion_0045,CC(C)(Oc1ccc(Cl)cc1)C(=O)[O-],2.016,-5.2538,-3.2378,3.3024,-4.5509,9.219,-1.0,385.3185,-63.4126,-2.013,1.247299999999999
Anion_0046,C=CCCCCCCCCC(=O)[O-],0.8536,-4.4117,-3.5581,3.1388,-5.1383,21.2366,-0.5241,437.3549,-69.7074,-2.0665,2.043099999999999
Anion_0047,O=C([O-])COc1ccccc1,2.2757,-4.9978,-2.7222,3.2588,-5.2483,11.3206,-1.0,319.8269,-66.3092,-2.0424,-0.1847
Anion_0048,CCCCCCCC/C=C/CCCCCCCC(=O)O,4.0381,-10.4104,-6.3723,7.595,-1.3824,1.9595,0.0,645.8589,-10.6122,-6.0979,6.108500000000006
Anion_0049,O=C([O-])C#Cc1ccccc1,1.591,-5.1572,-3.5662000000000003,3.6793,-4.0395,19.055,-1.0,336.6688,-69.6576,-2.3501,-0.212
Anion_0050,O=C([O-])C(F)(F)C(F)(F)C(F)(F)F,5.4996,-6.7843,-1.2847,5.4651,-7.476,5.912,-1.0,294.0831,-48.8109,-2.4069000000000003,0.569199999999999
Anion_0051,C=CCCC(=O)[O-],2.4223,-4.564,-2.1418,3.2426,-6.4834,12.3034,-1.0,273.0666,-67.5473,-2.0429,-0.2975
Anion_0052,O=C([O-])C12CC3CC(CC(C3)C1)C2,5.1834,-4.5035,0.6799000000000001,2.8441,-9.463,14.547,-1.0,337.4171,-69.4994,-1.8035,0.9526999999999992
Anion_0053,O=C([O-])CCCCCCCCCCS,0.7901,-4.5616,-3.7715,3.1551,-4.182,14.8475,-0.8522000000000001,457.205,-68.9972,-2.5752,2.177
Anion_0054,CCCCCCCCCCC(=O)[O-],5.3158,-4.3766,0.9392,3.1397,-9.0777,29.1169,-1.0,455.1846,-69.8372,-2.1697,2.2671
Anion_0055,O=C([O-])C1CC1,5.2593,-4.4262,0.8331000000000001,3.2193,-9.8411,9.848,-1.0,236.7872,-68.2487,-2.0235,-0.8537
Anion_0056,O=C([O-])C(c1ccccc1)c1ccccc1,2.6741,-5.3255,-2.6514,3.0322,-4.3992,9.297,-1.0,407.23,-61.3022,-1.5878,1.5683999999999991
Anion_0057,COc1ccc(C=CC(=O)[O-])cc1,1.2843,-4.8105,-3.5262,3.2588,-3.9172,22.4129,-1.0,375.1158,-73.0152,-2.5622,0.458299999999999
Anion_0058,O=C([O-])c1cc2ccccc2[nH]1,2.1343,-5.1846,-3.0503,3.5198,-4.4857,14.272,-1.0,326.9188,-66.7298,-2.6322,0.5314
Anion_0059,CC(C)=CC(=O)[O-],3.0498,-4.435,-1.3852,3.0712,-6.8273,12.71,-1.0,265.6978,-72.3911,-2.2194,-0.2975
Anion_0060,O=C([O-])Cc1ccc(Cl)cc1,2.4338,-5.3233,-2.8895,3.3162000000000003,-4.7423,8.361,-1.0,331.8381,-59.1687,-1.8643,0.6323999999999991
Anion_0061,C#CCCC(=O)[O-],3.9089,-4.5687,-0.6598,3.31,-7.7891,10.7791,-1.0,267.3397,-67.3554,-2.2903,-0.8503000000000001
Anion_0062,O=C([O-])C(=O)Cc1ccccc1,1.8141,-4.9659,-3.1518,3.3097,-4.3229,13.872,-1.0,336.5071,-65.8857,-2.3392,-0.4519
Anion_0063,C=CCC(=O)[O-],3.4005,-4.6196,-1.2191,3.1231,-7.1956,8.5461,-1.0,243.6871,-65.1278,-1.9138,-0.6876
Anion_0064,CCC(=O)C(=O)[O-],2.2908,-4.6441,-2.3533,3.2749,-6.6319,10.3141,-1.0,254.5106,-65.6933,-2.438,-1.2846
Anion_0065,COCC(=O)[O-],5.1575,-4.5122,0.6453,3.1848,-9.8552,8.644,-1.0,234.1863,-67.3505,-2.0674,-1.6173000000000002
Anion_0066,CC=C(C)C(=O)[O-],3.3542,-4.425,-1.0708,3.0574,-7.1946,9.8417,-1.0,265.3686,-69.933,-2.0096,-0.2975
Anion_0067,O=C([O-])Cc1ccc(F)cc1,2.4004,-5.2041,-2.8037,3.3402,-5.0635,9.0077,-1.0,316.661,-60.5958,-2.4008000000000003,0.118099999999999
Anion_0068,O=C([O-])C1CCCC1,5.2974,-4.4467,0.8507,3.0967,-9.8469,11.5732,-1.0,274.6904,-68.6369,-1.8489,-0.0735
Anion_0069,CCOC(=O)CC(=O)[O-],3.5927,-5.4149,-1.8223,3.9504,-6.5807,10.3103,-1.0,294.762,-64.4582,-2.4849,-1.3104999999999989
Anion_0070,O=C([O-])Cc1ccc(Br)cc1,2.4404,-5.4907,-3.0503,3.4655,-4.4743,7.193,-1.0,338.4596,-58.6496,-1.9052,0.741499999999999
Anion_0071,CC(C)CCC(=O)[O-],5.2677,-4.3388,0.9289,3.1247,-9.943,13.1295,-1.0,292.8303,-69.8784,-1.9647,0.172499999999999
Anion_0072,CC(C)(C)OC(=O)N1CCC(C(=O)[O-])CC1,2.8534,-4.883,-2.0296,3.3128,-6.2975,18.76,-1.0,426.8873,-68.8707,-2.6617,0.383399999999999
Anion_0073,COc1ccc(CC(=O)[O-])cc1OC,2.6477,-5.0668,-2.4191000000000003,3.0632,-5.2376,12.6497,-1.0,386.5547,-65.8043,-2.3721,-0.0038
Anion_0074,O=C([O-])CCc1c[nH+]c2cccc[c-]12,1.1398,-4.5705,-3.4308,3.0148,-4.1955,16.4089,-1.0,373.6025,-72.0486,-2.9687,0.055299999999999
Anion_0075,Cc1ccc(CC(=O)[O-])cc1,2.5937,-4.8995,-2.3058,2.9831000000000003,-5.4076,14.065,-1.0,334.8984,-66.3264,-1.9578,0.28742
Anion_0076,O=C([O-])c1c[nH+]c2cccc[c-]12,1.8241,-4.6417,-2.8176,3.1123,-4.8078,14.843,-1.0,320.619,-76.3276,-3.1386,-0.2637
Anion_0077,O=C([O-])CCC(=O)c1ccccc1,1.0322,-5.3674,-4.3352,3.5812,-3.1834,11.9715,-1.0,356.3274,-64.6123,-2.406,0.399399999999999
Anion_0078,O=C([O-])C=Cc1c[nH+]c[n-]1,2.3579,-4.6637,-2.3058,3.1924,-5.5216,11.0196,-1.0,295.89,-75.7931,-3.5666,-1.778999999999999
Anion_0079,O=C([O-])C(F)(F)C(F)(F)C(F)(F)C(F)(F)F,5.4759,-6.933,-1.4571,5.5783000000000005,-7.0204,7.1754,-1.0,325.9076,-47.4113,-2.4638,1.204499999999999
Anion_0080,CCCCCCCCCCCCCCCCCCC(=O)[O-],5.1939,-4.5857,0.6083000000000001,3.1855,-8.5482,23.5899,-1.0,641.3301,-69.9858,-1.7504,5.3879000000000055
Anion_0081,O=C([O-])c1ccc[nH]1,3.4292,-4.7236,-1.2944,3.4016,-6.7115,10.746,-1.0,257.9381,-69.8573,-2.7694,-0.6218
Anion_0082,C#CCCCC(=O)[O-],3.5758,-4.5085,-0.9327,3.2286,-7.5415,12.0914,-1.0,292.0053,-67.974,-2.2165,-0.4602
Anion_0083,O=C([O-])C1=CC=[S+2]=C1,2.657,-15.8976,-13.2406,14.0011,4.9842,2.709,1.0,273.1491,-49.5904,-1.5036,-1.6367
Anion_0084,O=C([O-])Cc1ccc2ccccc2c1,1.5137,-5.2464,-3.7327,3.1048,-3.5951,13.366,-1.0,370.9393,-63.5592,-1.8159,1.132199999999999
Anion_0085,O=C([O-])CN1C(=O)c2ccccc2C1=O,0.2971,-5.5032,-5.2061,3.68,-2.2595,15.598,-1.0,366.6959,-72.8916,-3.157,-0.9675
Anion_0086,COC(=O)CCC(=O)[O-],4.9144,-5.8908000000000005,-0.9764,4.1699,-7.7592,6.0626,-1.0,284.8924,-65.1431,-2.2703,-1.3104999999999989
Anion_0087,O=C([O-])C=Cc1ccc(Cl)cc1,0.982,-5.0898,-4.1078,3.5343,-3.2995,14.7015,-1.0,356.9785,-67.3236,-2.3191,1.1031
Anion_0088,O=C([O-])c1cc2ccccc2oc1=O,1.0959,-5.5879,-4.4921,3.8025,-2.8994,17.6731,-1.0,352.895,-75.0561,-3.0547,0.156499999999999
Anion_0089,CCC(CC)C(=O)[O-],5.1976,-4.3626000000000005,0.835,3.0007,-9.7816,10.4311,-1.0,294.5724,-69.5172,-1.8548,0.172499999999999
Anion_0090,COc1ccc(C=CC(=O)[O-])cc1OC,1.2961,-4.8416,-3.5455,3.2186,-3.8542,22.2696,-1.0,416.5325,-74.3359,-2.8373,0.466899999999999
Anion_0091,C=CCCCC(=O)[O-],2.0166,-4.4476,-2.431,3.1969,-6.265,12.868,-1.0,297.1944,-68.4641,-1.9897,0.0926
Anion_0092,O=C([O-])C1CCC1,5.2728,-4.3993,0.8735,3.0705,-9.8567,10.8915,-1.0,256.5522,-68.5747,-1.91,-0.4636
Anion_0093,O=C([O-])C1=[C-]O[C+]=C1,1.3529,-4.3488,-2.9959,3.278,-5.5672,1.329,-1.0,241.0278,-50.0306,-1.211,-1.22952
Anion_0094,COc1cccc(CC(=O)[O-])c1,2.6971,-5.0098,-2.3127,3.1164,-5.4061,11.2814,-1.0,346.0762,-64.8622,-2.1238,-0.0124
Anion_0095,O=C([O-])CCCc1ccc2ccc3cccc4ccc1c2c34,0.204,-5.1418,-4.9378,3.1619,-1.9693,18.0876,-0.0465,482.3583,-68.3076,-1.8776,3.656600000000002
Anion_0096,CC(=O)CCCC(=O)[O-],1.7912,-4.9774,-3.1862,3.5648,-5.5135000000000005,7.9261,-1.0,295.0027,-63.9384,-2.5013,-0.5044000000000001
Anion_0097,O=C([O-])Cc1cccs1,2.3825,-5.1022,-2.7197,3.1306,-4.9809,9.488,-1.0,294.6679,-62.1629,-1.8485,0.040499999999999
Anion_0098,O=C([O-])CCCCc1ccccc1,1.5999,-4.6449,-3.045,3.2463,-4.813,13.3338,-1.0,369.8881,-69.2223,-1.7949000000000002,1.149299999999999
Anion_0099,O=C([O-])CC1CCCCC1,5.3004,-4.43,0.8705,3.1078,-9.8678,15.396,-1.0,322.3303,-69.4627,-1.9526,0.7066999999999991
Anion_0100,Cc1ccc(C=CC(=O)[O-])cc1,1.232,-4.7962,-3.5642,3.2701,-3.886,21.393,-1.0,359.8384,-73.2424,-2.3561,0.758119999999999
Anion_0102,CC(C)(C)CC(=O)[O-],5.2712,-4.4209,0.8503000000000001,3.0974,-9.8896,12.3225,-1.0,285.7706,-68.8625,-1.849,0.172499999999999
Anion_0103,O=C([O-])c1cc2ccccc2o1,1.8443,-5.2876,-3.4433,3.746,-4.1429,15.971,-1.0,324.9482,-68.6675,-2.2382,0.7963
Anion_0104,O=C([O-])Cc1ccccc1Cl,2.4788,-5.2620000000000005,-2.7833,3.2784,-4.853,10.4613,-1.0,323.3789,-63.82,-1.8755,0.6323999999999991
Anion_0105,CC(C)CC(=O)C(=O)[O-],2.2556,-4.6672,-2.4116,3.2358,-6.5054,13.6662,-1.0,301.372,-66.8676,-2.3934,-0.6485000000000001
Anion_0106,O=C([O-])Cc1cccc(Cl)c1,2.4898,-5.3332,-2.8434,3.389,-4.7738,9.167,-1.0,331.5081,-59.9955,-1.8621,0.6323999999999991
Anion_0107,O=C([O-])CC1=CC=[S+2]=C1,2.0403,-16.445,-14.4048,14.5135,6.5637,3.6022,1.0,319.7045,-49.2759,-3.0061,-1.2466
Anion_0108,COC(=O)C=CC(=O)[O-],1.2074,-5.1812,-3.9738,3.7999,-4.1191,14.9428,-1.0,297.6263,-66.2848,-2.9835000000000003,-1.5345
Anion_0109,O=C([O-])C(F)F,5.1555,-5.4461,-0.2906,4.3983,-8.8834,4.867,-1.0,214.9147,-59.754,-2.5815,-0.9986
Anion_0110,O=C([O-])C(F)(F)C(F)(F)F,5.5433,-6.5375,-0.9942,5.2724,-8.0301,4.745,-1.0,263.0936,-50.4453,-2.4036,-0.0661
Anion_0111,N#[N+][N-]CC(=O)[O-],3.2335,-5.2881,-2.0546,3.794,-6.7145,6.072,-1.0,236.2661,-65.615,-1.9704,-1.12192
Anion_0112,COc1ccccc1CC(=O)[O-],2.6584,-5.1605,-2.5021,3.2351,-5.1995000000000005,9.382,-1.0,334.1782,-64.3637,-1.8975,-0.0124
Anion_0113,Cc1ccc(C(=O)c2ccc(CC(=O)[O-])n2C)cc1,1.3462,-5.5777,-4.2315,3.2868,-2.8349,18.2752,-1.0,471.0,-63.8034,-2.6084,0.856919999999999
Anion_0114,O=C([O-])C=Cc1ccco1,1.4643000000000002,-4.854,-3.3897,3.4032,-4.3101,16.1593,-1.0,307.4989,-70.1428,-2.3771,0.042699999999999
Anion_0115,C=C(C(=O)[O-])c1ccccc1,2.1397,-4.9413,-2.8016,3.1348,-4.7675,11.734,-1.0,323.7489,-66.8811,-1.9176,0.4497
Anion_0116,CC(C)C(=O)C(=O)[O-],2.217,-4.6283,-2.4114,3.1818,-6.5344,11.6233,-1.0,275.8266,-66.7036,-2.356,-1.0386
Anion_0117,COc1ccc(CCC(=O)[O-])cc1,1.5944,-4.6746,-3.0802,3.1602,-4.7987,17.4833,-1.0,376.4287,-69.3815,-2.3006,0.377699999999999
Anion_0118,O=C([O-])C(=O)Cc1c[nH+]c2cccc[c-]12,1.3145,-4.8718,-3.5573,3.0785,-3.9001,17.1902,-1.0,380.3892,-69.5197,-3.4031,-0.765699999999999
Anion_0119,O=C([O-])Cc1cccc(Br)c1,2.4079,-5.4875,-3.0796,3.5308,-4.5071,8.752,-1.0,338.7596,-59.4928,-1.9214,0.741499999999999
Anion_0120,O=C([O-])Cc1ccc(C(F)(F)F)cc1,2.3641,-5.6515,-3.2873,3.7088,-4.3178,8.6733,-1.0,360.4434,-54.6926,-2.6218,0.9977999999999992
Anion_0121,CCCC=CC(=O)[O-],2.9679,-4.4499,-1.482,3.1584,-6.8398,15.8904,-1.0,297.9792,-71.3826,-2.1426,0.0926
Anion_0122,CCOC(=O)C=CC(=O)[O-],1.218,-5.1656,-3.9477,3.7692,-4.1205,18.1526,-1.0,327.6214,-66.8643,-2.9252,-1.144399999999999
Anion_0123,O=C([O-])C=Cc1ccc(F)cc1,1.0821,-5.0345,-3.9524,3.5459,-3.5869,15.0796,-1.0,341.6923,-67.9089,-2.8081,0.5888
Anion_0124,O=C([O-])COc1ccc2ccccc2c1,1.2437,-5.2274,-3.9837,3.2223,-3.3951,14.2574,-1.0,384.1212,-66.0431,-2.0211,0.968499999999999
Anion_0125,CCCCCCCCCCC/C=C\CCCCC(=O)[O-],1.9469,-4.7688,-2.822,3.1985,-5.5143,16.3069,-1.0,530.3776,-68.8198,-1.4675,4.773800000000004
Anion_0126,COC(=O)CCCCC(=O)[O-],3.0869,-5.2421,-2.1552,3.6544,-6.1741,9.8434,-0.9998,340.3624,-67.2815,-2.5232,-0.5303
Anion_0127,O=C([O-])Cc1ccccc1Br,2.4306,-5.4398,-3.0093,3.4345,-4.6198,10.7152,-1.0,328.8001,-61.508,-1.894,0.741499999999999
Anion_0128,O=C([O-])c1cc2ccccc2s1,1.8494,-5.4428,-3.5934,3.6817,-3.8155,16.016,-1.0,332.7587,-69.3974,-2.1312,1.2648
Anion_0129,CCC=CC(=O)[O-],2.9295,-4.4104,-1.4809,3.1507,-6.8632,14.5057,-1.0,274.118,-71.7045,-2.2277,-0.2975
Anion_0130,CC(C)=CCCC(C)=CC(=O)[O-],2.8026,-4.6587,-1.8561,3.0847,-5.8287,13.7363,-1.0,358.5248,-70.0771,-2.0119,1.428999999999999
Anion_0131,O=C([O-])C1=CCCCC1,3.1391,-4.4789,-1.3398,3.0504,-6.8204,14.425,-1.0,293.8074,-71.7617,-2.08,0.236699999999999
Anion_0132,O=C([O-])CCC1=[N+]=C(c2ccccc2)C(=C2C=CC=C[CH-]2)O1,0.4967,-5.2726,-4.7759,3.3455,-2.1017,23.4693,-0.8994000000000001,525.281,-70.2461,-2.4461,1.0860899999999991
Anion_0133,O=C([O-])CN1C(=O)C[S+]=C1[S-],2.4327,-6.5252,-4.0925,4.4655000000000005,-3.5822000000000003,2.271,-1.0,316.9859,-48.1045,-2.1202,-2.7046
Anion_0134,CCCCCCCCCCCCCC=CC(=O)[O-],2.9511000000000003,-4.4391,-1.488,3.1425,-6.7086,39.0659,-1.0,585.4688,-72.8954,-2.4856,3.993600000000002
Anion_0135,O=C([O-])CCCC(=O)c1ccccc1,0.9953,-5.2812,-4.2859,3.5627,-3.2568,10.1717,-1.0,379.0045,-64.2072,-2.3605,0.7894999999999991
Anion_0136,O=C([O-])CC12CC3CC(CC(C3)C1)C2,5.276,-4.5531,0.7229,3.0417,-9.5447,16.483,-1.0,359.3462,-69.3618,-1.8274,1.342799999999999
Anion_0137,O=C([O-])CF,5.128,-4.8564,0.2716,3.8578,-9.4159,6.081,-1.0,204.9456,-64.5381,-2.5346,-1.2942
Anion_0138,O=C([O-])Cc1ccc2c(c1)OCO2,2.4608,-5.1395,-2.6787,3.1325,-5.0809,12.428,-1.0,345.8364,-61.7339,-2.2784,-0.2923
Anion_0139,COC1=CC=CC(=CC=C([O-])[O-])[CH+]1,1.2103,-4.8776,-3.6673,3.3383,-3.8155,19.1633,-1.0,374.6542,-71.4973,-2.5527,-0.220809999999999
Anion_0140,COC1=CC(=CC=C([O-])[O-])C=C(OC)[C+]1OC,1.1737,-4.9926,-3.8189,3.3962,-3.5477,20.8586,-1.0,455.9653,-73.1684,-3.0525,-0.27261
Anion_0141,O=C([O-])Cc1ccc(Cl)c(Cl)c1,2.3491,-5.6291,-3.28,3.5321,-4.2138,7.415,-1.0,353.0579,-55.7814,-1.8577,1.285799999999999
Anion_0142,C=CCCCCC(=O)[O-],1.9559,-4.4382,-2.4823,3.1789,-6.1965,13.3013,-1.0,316.2902,-69.1787,-1.9153,0.482699999999999
Anion_0143,O=C([O-])c1ccc(Cl)s1,2.3559,-5.7421,-3.3862,4.0614,-4.253,8.707,-1.0,291.7876,-62.3849,-1.981,0.764999999999999
Anion_0144,Cc1c[n+](CC(=O)[O-])c([O-])[nH+]c1[O-],1.6455000000000002,-5.7502,-4.1047,4.2297,-3.7973,8.496,-1.0,347.9645,-62.1587,-4.7185,-4.006279999999998
Anion_0145,COc1cc(CC(=O)[O-])cc(OC)c1OC,2.7423,-5.1781,-2.4358,3.1472,-5.0827,11.8904,-1.0,427.1108,-66.8008,-2.642,0.004799999999999
Anion_0146,Cc1ccc(C(=O)[O-])s1,2.2781,-5.0811,-2.803,3.5507,-4.914,14.851,-1.0,296.2979,-72.648,-2.3985,0.420019999999999
Anion_0147,CC=C(C)C(=O)[O-],,,,,,,,,,,
Anion_0148,O=C([O-])C=Cc1ccc2c(c1)OCO2,1.1416,-4.9675,-3.8259,3.3867000000000003,-3.6352,20.0199,-1.0,370.6614,-69.2158,-2.7293000000000003,0.178399999999999
Anion_0149,CCCCCCCCCCCC(=O)N(C)CC(=O)[O-],3.3679,-5.1076,-1.7397,3.3295,-6.492,21.7745,-1.0,562.582,-65.9518,-2.5332,2.115599999999999
Anion_0150,O=C([O-])Cc1cccnc1,2.2512,-5.1858,-2.9346,3.3264,-5.0227,9.387,-1.0,298.688,-63.5971,-1.843,-0.626
Anion_0151,CC(=Cc1ccccc1)C(=O)[O-],1.7024,-4.8891,-3.1867,3.2496,-4.3125,12.4208,-1.0,348.4629,-69.2058,-2.0284,0.8397999999999991
Anion_0152,O=C([O-])CC(F)(F)F,5.5556,-5.5771,-0.0215,4.488,-8.9708,6.385,-1.0,248.9446,-58.1147,-2.737,-0.311299999999999
Anion_0153,Cc1ccc2c(=O)c3cccc(CC(=O)[O-])c3oc2c1C,1.0446,-5.5966000000000005,-4.552,3.3578,-2.5452,11.1034,-1.0,460.2378,-65.6182,-2.5746,1.855439999999999
Anion_0154,O=C([O-])CC(c1ccccc1)c1ccccc1,1.6635,-4.9639,-3.3005,3.3211,-3.8483,14.6792,-1.0,429.9831,-68.3809,-2.0089,1.9585
Anion_0155,O=C([O-])CC1CC1,5.2722,-4.4033,0.8688,3.127,-9.3617,11.4968,-1.0,263.3662,-68.4697,-1.9764,-0.4636
Anion_0156,CC(C)(C(=O)[O-])c1ccccc1,2.6447000000000003,-4.9388000000000005,-2.2941000000000003,2.9517,-5.416,9.448,-1.0,340.3689,-63.9958,-1.6051000000000002,0.7140999999999991
Anion_0157,CCOC(=O)CCC(=O)[O-],4.9786,-5.9435,-0.9649,4.1758,-7.7129,6.36,-1.0,310.7376,-65.5828,-2.2185,-0.9204
Anion_0158,COc1ccccc1C=CC(=O)[O-],1.2538,-4.7944,-3.5406,3.2431,-3.9492,18.6382,-1.0,368.1884,-73.6638,-2.5172,0.458299999999999
Anion_0159,O=Cc1ccc(C(=O)[O-])o1,1.1241,-5.7739,-4.6498,4.2456,-3.292,8.144,-1.0,293.6958,-59.444,-2.5472,-0.5444
Anion_0160,O=C([O-])Cc1ccccc1F,2.5097,-5.1606,-2.6509,3.31,-5.1226,10.996,-1.0,312.9477,-65.0064,-2.3506,0.118099999999999
Anion_0161,O=C([O-])Cc1cccc(F)c1,2.5674,-5.2422,-2.6748000000000003,3.3848000000000003,-5.0975,9.577,-1.0,316.5374,-61.1589,-2.3722,0.118099999999999
Anion_0162,O=C([O-])CCC1CCCCC1,5.2741,-4.383,0.8912,3.1246,-9.7939,16.1473,-1.0,345.6536,-70.1837,-1.9873,1.096799999999999
Anion_0163,O=C([O-])CCCCCN1C(=O)C=CC1=O,2.1218,-6.2498000000000005,-4.128,4.1542,-3.6038,6.5217,-1.0,369.4002,-60.9988,-2.5178000000000003,-0.7783000000000001
Anion_0164,O=C([O-])C(c1ccccc1)(c1ccccc1)c1ccccc1,2.6638,-5.5457,-2.8819,3.0373,-3.923,8.2758,-1.0,486.1963,-59.6236,-1.3712,2.770900000000001
Anion_0165,CCCC(=O)C(=O)[O-],2.2458,-4.6469000000000005,-2.4011,3.2477,-6.5563,12.2346,-1.0,279.6053,-66.3883,-2.4139,-0.8945000000000001
Anion_0166,COc1ccc(C(=O)CCC(=O)[O-])cc1,1.0953,-5.3255,-4.2303,3.5296000000000003,-3.2363,14.8769,-1.0,399.7846,-66.2291,-2.7619,0.407999999999999
Anion_0167,CCOCC(=O)[O-],5.0069,-4.625,0.3819,3.3173,-9.3455,9.0129,-1.0,257.5622,-67.4899,-2.0009,-1.2272
Anion_0168,C#CCCCCC(=O)[O-],3.3134,-4.478,-1.1646,3.1887,-7.3022,12.9174,-1.0,314.2482,-68.4605,-2.2044,-0.0701
Anion_0169,COC(=O)CC(=O)[O-],3.5823,-5.4103,-1.828,3.9641,-6.611,9.2141,-1.0,273.0323,-63.9902,-2.6222,-1.700599999999999
Anion_0170,O=C([O-])C1c2ccccc2-c2ccccc21,2.4378,-5.5552,-3.1174,3.2041,-4.0642,8.574,-1.0,388.3897,-56.3179,-1.4596,1.548799999999999
Anion_0171,C[n+]1c(C(=O)[O-])cc2cccc[c-]21,2.0791,-5.0886,-3.0095,3.3584,-4.4886,13.649,-1.0,342.8295,-67.927,-1.976,-0.2533
Anion_0172,COc1ccc(C(=O)C(=O)[O-])cc1,1.5065,-4.9762,-3.4697,3.1472,-4.1101,17.5918,-1.0,357.0206,-69.6145,-2.7344,-0.3722
Anion_0173,C#CCCCCCCCCC(=O)[O-],2.2412,-4.4018,-2.1605,3.1476,-6.3855,22.3132,-1.0,432.8305,-70.6557,-2.3015,1.4903
Anion_0174,CCC(C)(C)C(=O)[O-],5.1978,-4.3553,0.8425,2.9153,-9.7637,10.2264,-1.0,284.5499,-68.8888,-1.7332,0.172499999999999
Anion_0175,COc1ccc(C#CC(=O)[O-])cc1,1.6876,-5.1351,-3.4475,3.5732,-4.048,24.189,-1.0,380.7581,-71.3283,-2.7071,-0.2034
Anion_0177,C=CCCCCCCCC(=O)[O-],0.7107,-4.3876,-3.6769,3.1477,-5.04,22.4427,-0.4244,414.6954,-69.6004,-2.1275,1.6529999999999991
Anion_0178,CC(=O)CCCCC(=O)[O-],1.7439,-4.9904,-3.2465,3.48,-5.4046,7.1012,-1.0,321.4171,-63.8495,-2.4451,-0.1143
Anion_0179,COc1ccc(CCC(=O)[O-])cc1OC,2.009,-4.7995,-2.7906,3.2049,-4.9482,12.9537,-1.0,402.4852,-69.3871,-2.4129,0.386299999999999
Anion_0180,O=C([O-])C=Cc1ccccc1Cl,0.9986,-5.0228,-4.0243,3.4709,-3.4131,17.6594,-1.0,351.9777,-72.146,-2.4194,1.1031
Anion_0181,Cc1ccc(C(=O)C(=O)[O-])cc1,1.5357,-4.9573,-3.4216,3.1336,-4.1491,16.4639,-1.0,342.0508,-70.0734,-2.5367,-0.07238
Anion_0182,O=C([O-])C(=O)c1ccc(Cl)cc1,1.5194,-5.3679,-3.8485,3.453,-3.6403,9.7941,-1.0,339.5861,-61.1311,-2.3841,0.272599999999999
Anion_0183,O=C([O-])CC1CCCC1,5.2166,-4.4156,0.801,3.0985,-9.7543,12.1472,-1.0,296.8051,-69.1252,-1.8181,0.316599999999999
Anion_0184,COC(=O)CCCC(=O)[O-],5.0524,-5.872,-0.8196,3.9047,-7.4518,6.6856,-1.0,306.3379,-67.2695,-2.1695,-0.9204
Anion_0185,O=C([O-])C1=[N+]=[NH+]c2ccccc21,2.1587,-15.1174,-12.9587,13.0886,4.948,4.594,1.0,321.6395,-51.4211,-2.7946,-2.388299999999998
Anion_0186,CCC=CCC(=O)[O-],3.4225,-4.6690000000000005,-1.2465,3.0071,-6.9389,11.4233,-1.0,291.4401,-65.8591,-1.8003,0.0926
Anion_0187,O=C([O-])c1cc[nH+][n-]1,2.5448,-4.513,-1.9682,3.2634,-6.2953,13.482,-1.0,253.0273,-80.1791,-3.6512,-2.178599999999999
Anion_0188,CSCC(=O)[O-],3.6625,-5.058,-1.3955,3.2743,-6.3965,6.099,-1.0,248.807,-63.3016,-1.9161,-0.9007000000000001
Anion_0189,Cc1ccc(C(=O)CCC(=O)[O-])cc1,1.0533,-5.3157,-4.2623,3.5175,-3.1917,14.6807,-1.0,384.9508,-66.7694,-2.5724,0.707819999999999
Anion_0190,O=C([O-])CC=Cc1ccccc1,1.9851,-5.252,-3.2669,3.0474,-4.0894,13.2235,-1.0,361.2757,-61.5351,-1.8189,0.8398
Anion_0191,O=C([O-])c1cc2cc3c4c(c2oc1=O)CCCN4CCC3,1.0588,-5.2147,-4.1559,3.2923,-3.0496,29.9596,-1.0,474.2493,-88.1017,-3.3396,0.8553000000000001
Anion_0193,O=C([O-])C=Cc1cccnc1,0.9589,-5.0176,-4.0587,3.4226,-3.5562,15.6771,-1.0,324.0637,-70.0987,-2.2639,-0.1553
Anion_0194,CC1(C(=O)[O-])CCCCC1,5.2115,-4.4285,0.783,2.9290000000000003,-9.6838,10.7911,-1.0,308.8605,-68.922,-1.6484,0.7066999999999991
Anion_0195,O=C([O-])Cc1cc2ccccc2[nH]1,2.5435,-5.4051,-2.8616,3.2608,-4.6905,11.904,-1.0,352.5789,-59.2342,-2.1428,0.460299999999999
Anion_0196,O=C([O-])C1CCCCCC1,5.2513,-4.4708,0.7805000000000001,3.0361,-9.6415,14.5713,-1.0,315.6661,-69.3666,-1.8895,0.7066999999999991
Anion_0197,O=C([O-])CCC(=O)c1ccc(Cl)cc1,0.9335,-5.6213,-4.6877,3.7624,-2.6723,10.0165,-1.0,381.6169,-60.6767,-2.4882,1.052799999999999
Anion_0198,Cc1ccc(OCC(=O)[O-])cc1,2.2652,-4.9661,-2.701,3.1585,-5.2009,14.4065,-1.0,348.9176,-68.0481,-2.1659,0.123719999999999
Anion_0199,O=C([O-])CCC(=O)OCc1ccccc1,2.9097,-6.1267,-3.217,4.1428,-4.4966,10.3708,-1.0,394.2492,-66.283,-2.1564,0.259899999999999
Anion_0200,CC(=O)OCC(=O)[O-],5.001,-5.8825,-0.8815000000000001,4.1487,-7.4794,6.3636,-1.0,260.097,-62.6735,-2.37,-1.700599999999999
