Coupling,Acid,Amine,rate,ln rate,e gas_acid_boltz,g gas_acid_boltz,E THF_acid_boltz,G THF_acid_boltz,dipole_acid_boltz,E (HOMO)_acid_boltz,E (LUMO)_acid_boltz,mu_acid_boltz,eta LUMO-HOMO_acid_boltz,omega_acid_boltz,Polarizability (1)_acid_boltz,NBO-C1 C=O_acid_boltz,NBO-O2 C=O_acid_boltz,NBO-O3 O-H,NBO-C4_acid_boltz,NBO-H5 O-H_acid_boltz,NMR-C1 C=O_acid_boltz,NMR-C4_acid_boltz,NMR-H5 O-H_acid_boltz,angle-O2-C1-C4_acid_boltz,Sterimol-L-C1-C4_acid_boltz,Sterimol-B1-C1-C4_acid_boltz,Sterimol-B5-C1-C4_acid_boltz,IR-freq-C=O_acid_boltz,IR-freq-O-H_acid_boltz,Vbur-2.5A_acid_boltz,Vbur-3.0A_acid_boltz,Vbur-2.0A_acid_boltz,e gas_anion_boltz,g gas_anion_boltz,E THF_anion_boltz,G THF_anion_boltz,dipole_anion_boltz,E (HOMO)_anion_boltz,E (LUMO)_anion_boltz,mu_anion_boltz,eta_anion_boltz,omega_anion_boltz,Polarizability (1)_anion_boltz,NBO-C1 C=O_anion_boltz,NBO-C4_anion_boltz,delta_NBO-O2-O3_anion_boltz,ave_NBO-O2-O3_anion_boltz,NMR-C1 C=O_anion_boltz,NMR-C4_anion_boltz,Sterimol-L-C1-C4_anion_boltz,Sterimol-B1-C1-C4_anion_boltz,Sterimol-B5-C1-C4_anion_boltz,IR-freq-CO2_asym-stretch_anion_boltz,IR-freq-CO2_sym-stretch_anion_boltz,Vbur-2.5A_anion_boltz,Vbur-3.0A_anion_boltz,Vbur-2.0A_anion_boltz,e gas_interm_boltz,g gas_interm_boltz,E THF_interm_boltz,G THF_interm_boltz,dipole_interm_boltz,E (HOMO)_interm_boltz,E (LUMO)_interm_boltz,mu_interm_boltz,eta_interm_boltz,omega_interm_boltz,Polarizability (1)_interm_boltz,NBO-C1_interm_boltz,NBO-O2_interm_boltz,NBO-N3_interm_boltz,NBO-C4_interm_boltz,NMR-C1_interm_boltz,NMR-C4_interm_boltz,angle-N3-C1-O2_interm_boltz,angle-N3-C1-C4_interm_boltz,dihedral-C5-N3-C1-O2_interm_boltz,dihedral-C6-N3-C1-O2_interm_boltz,dihedral-C4-C1-N3-C5_interm_boltz,dihedral-C4-C1-N3-C6_interm_boltz,Sterimol-L-C1-C4_interm_boltz,Sterimol-B1-C1-C4_interm_boltz,Sterimol-B5-C1-C4_interm_boltz,IR-freq-C=O_interm_boltz,Vbur-2.5A_interm_boltz,Vbur-3.0A_interm_boltz,Vbur-2.0A_interm_boltz,e gas_amine_boltz,g gas_amine_boltz,E THF_amine_boltz,G THF_amine_boltz,dipole_amine_boltz,E (HOMO)_amine_boltz,E (LUMO)_amine_boltz,mu_amine_boltz,eta_amine_boltz,omega_amine_boltz,Polarizability (1)_amine_boltz,NBO-N1_amine_boltz,NBO-C4_amine_boltz,delta_NBO-H2-H3_amine_boltz,ave_NBO-H2-H3_amine_boltz,NMR-C4_amine_boltz,delta_NMR-H2-H3_amine_boltz,ave_NMR-H2-H3_amine_boltz,pyramidalization N1 (1st)_anion,lone-pair-N1_anion,angle-H2-N1-H3_amine_boltz,delta_angle-C4-N1-H2_C4-N1-H3_amine_boltz,ave_angle-C4-N1-H2_C4-N1-H3_amine_boltz,Sterimol-L-N1-C4_amine_boltz,Sterimol-B1-N1-C4_amine_boltz,Sterimol-B5-N1-C4_amine_boltz,IR-freq-N-H_sym-stretch _amine_boltz,IR-freq-N-H_asym-stretch_amine_boltz,IR-freq-N-H_bend_amine_boltz,Vbur-2.5A_amine_boltz,Vbur-3.0A_amine_boltz,Vbur-2.0A_amine_boltz
Ac13-N16,Ac13,N16,0.0148,-4.216512196,-591.919027,-591.7837763,-591.6566687,-591.521418,5.705293965,-0.268331528,-0.01073403,-0.139534755,0.257597498,0.037793305,133.7278316,0.817919852,-0.652141566,-0.720023282,-0.292119491,0.496860811,6.147780343,67.3632041,25.60195513,125.735855,6.879732613,1.898141762,5.502734336,1769.809612,3775.546372,68.96622572,51.16763345,88.04479203,-591.358542,-591.239799,-591.1669417,-591.0481987,16.3881,-0.23379,0.01234,-0.11073,0.24613,0.02491,143.923,0.83572,-0.25459,0.00399,-0.830395,2.7832,48.0434,6.97947159,1.87856502,5.514406685,1652.3464,1328.3931,67.03812709,48.89308219,87.29720039,-741.7427347,-741.5656052,-741.4195447,-741.2424152,9.463495799,-0.272169196,-0.025653893,-0.148915594,0.246515303,0.044979867,179.6323637,0.735129128,-0.597373813,-0.487406374,-0.263886138,7.792607218,62.97443003,118.9810016,117.0504988,36.5329386,138.6007119,142.579629,42.28662542,6.850223813,2.119193209,5.565468376,1739.45434,73.5736519,60.25176425,89.32883455,-252.002541,-251.87542,-251.8591249,-251.7320039,1.7994,-0.29959,0.00315,-0.14822,0.30274,0.03628,67.0197,-0.89476,-0.03734,0.00649,0.364205,128.1818,0.4869,31.20905,0.7671,-0.37405,106.873,0.364,110.861,4.26616995,1.925297439,4.16982193,3491.6191,3569.2888,1659.8304,52.31628355,42.28046133,72.26857489
Ac9-N9,Ac9,N9,0.0184,-3.998125704,-536.2810592,-536.2196514,-536.0691891,-536.0077813,4.529849637,-0.332414676,-0.04296613,-0.187693096,0.289448546,0.060853839,81.52444275,0.823636389,-0.612470528,-0.700906219,-0.26817025,0.504580367,7.722230447,58.36658316,24.91051157,124.5753903,6.400994039,1.700018409,3.827836572,1792.963547,3765.823556,69.7382813,51.80877588,88.22320557,-535.739503,-535.692407,-535.5927724,-535.5456764,10.87605,-0.27047,0.01312,-0.12867,0.28359,0.02919,92.11615,0.78197,-0.20411,0.011225,-0.7870925,3.786900011,31.74120001,6.484865635,2.190861063,3.828453514,1688.326,1341.65015,68.29889638,49.88092922,88.06239393,-686.1061512,-686.0026083,-685.8321532,-685.7286102,6.175577816,-0.307328294,-0.047172677,-0.17725,0.260155618,0.060382624,124.654323,0.747173857,-0.560920052,-0.491334145,-0.244959659,5.754512713,50.70556634,121.1257664,117.2859474,79.83113471,94.51780053,100.4102057,85.24085909,6.403473395,2.110347884,5.288207783,1763.976767,74.8538479,61.36629608,89.96684398,-597.4978745,-597.2836227,-597.1912765,-596.9770248,1.576678258,-0.291817721,-0.000200629,-0.146007656,0.291617093,0.036552197,167.2614933,-0.886175931,-0.030119698,0.00340973,0.373742562,123.595058,0.237643995,30.71852278,0.765657865,-0.381634876,107.6097319,0.205972346,110.587706,7.000787901,2.112935897,6.679199069,3498.188418,3578.940931,1655.721904,55.52883343,45.99054086,74.1524994
Ac17-N14,Ac17,N14,0.0217,-3.830443018,-537.716215,-537.5760145,-537.4726843,-537.3324838,1.9899,-0.30174,0.00023,-0.15076,0.30197,0.03763,118.38,0.85351,-0.65286,-0.6991,-0.21132,0.49875,-8.229749853,153.6079501,25.5562,124.9,5.190093172,2.777430178,5.861971041,1783.577553,3761.230497,72.41041261,56.47998664,89.16148079,-537.162528,-537.0365465,-536.9856291,-536.8596476,11.75905005,-0.251335005,0.01523,-0.118055005,0.266565005,0.02614,133.093,0.81354,-0.21184,0.019095005,-0.812862497,-2.423600915,150.0558998,5.377127912,2.681218835,5.921455134,1677.798149,1315.538251,70.66248434,54.28807358,88.25029965,-687.5414084,-687.3596211,-687.2349851,-687.0531977,4.81382688,-0.29621688,-0.018845263,-0.157530586,0.277371618,0.044734291,159.4515528,0.778204756,-0.583761304,-0.496816416,-0.205665263,-4.17628519,150.1475094,119.4795486,116.6616862,80.44260529,95.50156735,99.75258174,84.30351993,5.832826569,2.552301794,5.924612179,1766.764619,78.70237939,66.92159156,91.29202679,-1123.812298,-1123.711957,-1123.514945,-1123.414604,3.000443063,-0.315348037,-0.014427252,-0.164885802,0.300920785,0.045174867,115.4197601,-0.880660402,-0.205574554,0.007945119,0.371841605,139.1816815,0.18806778,30.68944455,0.770797394,-0.389063123,107.298945,0.141904435,110.4648303,5.972255358,1.925841458,7.204349037,3500.333536,3580.397126,1661.291581,50.21385295,39.70241674,71.07794434
Ac5-N6,Ac5,N6,0.0271,-3.610068274,-538.9593523,-538.797585,-538.7004955,-538.5387282,1.954112974,-0.302946752,-0.000924574,-0.151939593,0.302022178,0.038214612,120.944785,0.860313134,-0.629122879,-0.713887216,-0.176588163,0.496901685,-9.525044568,135.3716749,25.64860086,125.7673968,5.051565998,2.868315551,6.286349575,1799.024299,3762.778162,76.49322562,61.22622853,91.13615216,-538.407623,-538.259739,-538.2125308,-538.0646468,10.8818,-0.2425,0.01464,-0.11393,0.25714,0.02524,135.892,0.81847,-0.19156,0.01649,-0.815185,-6.3591,132.9177,5.03578612,2.862243998,6.288561328,1681.0907,1317.7671,73.52810208,58.04291487,89.5751324,-688.7866043,-688.5819618,-688.4646916,-688.260049,4.96456,-0.299950722,-0.017058317,-0.158504519,0.282892406,0.044408317,161.4228386,0.784249,-0.581827709,-0.505195918,-0.17179588,-9.468998088,130.2023871,118.8585127,118.157412,62.39092215,118.3279946,116.6343363,62.64741713,5.599495372,2.868933388,6.171241285,1773.928111,81.09321915,70.19943717,92.32641761,-480.7253645,-480.5675397,-480.4825554,-480.3247306,1.751256887,-0.267075286,-0.019887314,-0.14348195,0.247187972,0.041645584,139.2578667,-0.880405794,-0.210143,0.003515597,0.368050958,139.405671,0.580331644,30.64385272,0.777734725,-0.429213807,106.807428,0.631341866,110.3313565,5.655189822,1.796887292,7.079468286,3498.705843,3576.484395,1663.59863,50.68469736,39.58448318,71.60193211
Ac13-N1,Ac13,N1,0.0324,-3.429596856,-591.919027,-591.7837763,-591.6566687,-591.521418,5.705293965,-0.268331528,-0.01073403,-0.139534755,0.257597498,0.037793305,133.7278316,0.817919852,-0.652141566,-0.720023282,-0.292119491,0.496860811,6.147780343,67.3632041,25.60195513,125.735855,6.879732613,1.898141762,5.502734336,1769.809612,3775.546372,68.96622572,51.16763345,88.04479203,-591.358542,-591.239799,-591.1669417,-591.0481987,16.3881,-0.23379,0.01234,-0.11073,0.24613,0.02491,143.923,0.83572,-0.25459,0.00399,-0.830395,2.7832,48.0434,6.97947159,1.87856502,5.514406685,1652.3464,1328.3931,67.03812709,48.89308219,87.29720039,-741.7427347,-741.5656052,-741.4195447,-741.2424152,9.463495799,-0.272169196,-0.025653893,-0.148915594,0.246515303,0.044979867,179.6323637,0.735129128,-0.597373813,-0.487406374,-0.263886138,7.792607218,62.97443003,118.9810016,117.0504988,36.5329386,138.6007119,142.579629,42.28662542,6.850223813,2.119193209,5.565468376,1739.45434,73.5736519,60.25176425,89.32883455,-249.7863209,-249.6905873,-249.6558683,-249.5601347,2.761552784,-0.305387497,0.003743175,-0.15082188,0.309130673,0.036789136,53.33706846,-0.888751717,-0.214328715,0.004952024,0.366667707,142.8394263,0.924501992,31.06307523,0.77296372,-0.377147377,107.1599269,1.057462993,110.4190353,4.683213568,1.741608587,5.249352941,3499.003928,3577.986452,1666.330071,48.78490114,36.91126179,70.76487376
Ac17-N5,Ac17,N5,0.0335,-3.39620984,-537.716215,-537.5760145,-537.4726843,-537.3324838,1.9899,-0.30174,0.00023,-0.15076,0.30197,0.03763,118.38,0.85351,-0.65286,-0.6991,-0.21132,0.49875,-8.229749853,153.6079501,25.5562,124.9,5.190093172,2.777430178,5.861971041,1783.577553,3761.230497,72.41041261,56.47998664,89.16148079,-537.162528,-537.0365465,-536.9856291,-536.8596476,11.75905005,-0.251335005,0.01523,-0.118055005,0.266565005,0.02614,133.093,0.81354,-0.21184,0.019095005,-0.812862497,-2.423600915,150.0558998,5.377127912,2.681218835,5.921455134,1677.798149,1315.538251,70.66248434,54.28807358,88.25029965,-687.5414084,-687.3596211,-687.2349851,-687.0531977,4.81382688,-0.29621688,-0.018845263,-0.157530586,0.277371618,0.044734291,159.4515528,0.778204756,-0.583761304,-0.496816416,-0.205665263,-4.17628519,150.1475094,119.4795486,116.6616862,80.44260529,95.50156735,99.75258174,84.30351993,5.832826569,2.552301794,5.924612179,1766.764619,78.70237939,66.92159156,91.29202679,-327.2438279,-327.1110494,-327.0784491,-326.9456706,3.154506065,-0.303211678,0.004046822,-0.149587076,0.3072585,0.036414495,72.12185245,-0.894177187,-0.031010088,0.000541754,0.371181863,137.6715286,0.076268214,31.01199717,0.763945648,-0.379521291,107.2156704,0.070519566,110.8645487,5.181908143,1.985045364,3.766389547,3492.095304,3570.955763,1657.058875,51.93375369,41.36314114,72.3327578
Ac7-N14,Ac7,N14,0.0341,-3.379925246,-424.6117074,-424.4607895,-424.4031535,-424.2522356,2.231660821,-0.343702965,0.00161458,-0.171044192,0.345317544,0.042359566,86.74366024,0.851737102,-0.636986027,-0.71841604,-0.325141828,0.495859675,-9.681846193,140.5338125,25.64473986,126.2126393,6.100319366,2.065922549,3.791581577,1805.398603,3758.077343,71.97942695,54.75765954,89.33278031,-424.0515855,-423.9151524,-423.9120628,-423.7756298,12.05186982,-0.245512812,0.017883372,-0.113812533,0.263396183,0.024589544,98.74440349,0.79893466,-0.319188488,0.009084511,-0.831843269,-9.345327756,133.5604667,6.132564848,2.177375369,3.837759415,1651.370616,1341.150569,70.06966,52.59842407,88.51134675,-574.4385845,-574.2453475,-574.1689919,-573.9757549,4.840002543,-0.302224725,-0.014112811,-0.158166545,0.288111914,0.043415256,128.8155455,0.778661249,-0.587888083,-0.496133398,-0.321257541,-8.246672193,139.269095,119.4587038,116.316477,84.63041819,96.17501261,95.25353358,83.94150076,6.226784789,2.345970957,5.323864527,1785.707933,76.32636676,63.56596301,90.32890267,-1123.812298,-1123.711957,-1123.514945,-1123.414604,3.000443063,-0.315348037,-0.014427252,-0.164885802,0.300920785,0.045174867,115.4197601,-0.880660402,-0.205574554,0.007945119,0.371841605,139.1816815,0.18806778,30.68944455,0.770797394,-0.389063123,107.298945,0.141904435,110.4648303,5.972255358,1.925841458,7.204349037,3500.333536,3580.397126,1661.291581,50.21385295,39.70241674,71.07794434
Ac6-N15,Ac6,N15,0.0634,-2.758291418,-613.199362,-613.0434375,-612.9261955,-612.770271,1.657361471,-0.350960047,-0.001236524,-0.176099078,0.349723522,0.044337842,104.8611908,0.860301243,-0.618564349,-0.711050563,-0.265230207,0.501492626,-3.601109542,130.9192186,25.50427675,125.950852,5.084955881,2.766517333,6.500451228,1814.324445,3761.894948,74.82025817,58.7779971,90.40493836,-612.6521905,-612.510377,-612.4435471,-612.3017336,9.881886201,-0.256098948,0.014671512,-0.120714489,0.270770461,0.026910717,116.4070517,0.826300002,-0.271382324,0.001700661,-0.807731488,-3.304039786,125.8254672,4.799185048,2.816195799,6.582122532,1687.010329,1336.126927,72.11886462,56.20676467,88.91026904,-763.0286471,-762.8303703,-762.6925755,-762.4942986,3.874470033,-0.305633689,-0.021080654,-0.16335788,0.284553035,0.046892213,145.5484713,0.784309031,-0.570459184,-0.498497571,-0.26445734,-0.942353485,128.2754372,120.2439177,115.5651161,57.33320344,124.1191477,123.4584993,55.08945032,5.11889803,3.059783997,6.545439121,1773.605116,79.28805331,67.76442355,91.55124977,-441.5956173,-441.4519545,-441.3774133,-441.2337504,3.155287688,-0.276232352,0.000329008,-0.137955593,0.27656136,0.034406646,107.9344028,-0.879818631,-0.207507832,0.006191759,0.367261984,140.9683193,1.115231053,30.64536802,0.785059712,-0.380413098,107.046272,0.658605291,109.8281279,5.56217072,1.746078034,6.007450925,3498.603283,3578.306538,1662.699373,50.23412992,38.85102459,71.40789643
Ac5-N2,Ac5,N2,0.0766,-2.569158202,-538.9593523,-538.797585,-538.7004955,-538.5387282,1.954112974,-0.302946752,-0.000924574,-0.151939593,0.302022178,0.038214612,120.944785,0.860313134,-0.629122879,-0.713887216,-0.176588163,0.496901685,-9.525044568,135.3716749,25.64860086,125.7673968,5.051565998,2.868315551,6.286349575,1799.024299,3762.778162,76.49322562,61.22622853,91.13615216,-538.407623,-538.259739,-538.2125308,-538.0646468,10.8818,-0.2425,0.01464,-0.11393,0.25714,0.02524,135.892,0.81847,-0.19156,0.01649,-0.815185,-6.3591,132.9177,5.03578612,2.862243998,6.288561328,1681.0907,1317.7671,73.52810208,58.04291487,89.5751324,-688.7866043,-688.5819618,-688.4646916,-688.260049,4.96456,-0.299950722,-0.017058317,-0.158504519,0.282892406,0.044408317,161.4228386,0.784249,-0.581827709,-0.505195918,-0.17179588,-9.468998088,130.2023871,118.8585127,118.157412,62.39092215,118.3279946,116.6343363,62.64741713,5.599495372,2.868933388,6.171241285,1773.928111,81.09321915,70.19943717,92.32641761,-330.67035,-330.4875166,-330.4775742,-330.2947409,1.912229795,-0.297180357,0.004167743,-0.146509679,0.301348101,0.035613304,91.31693309,-0.889124441,-0.184426268,0.000645078,0.36376153,134.8748925,0.664689913,31.25276968,0.754605614,-0.369754559,107.3487459,0.320017797,111.2664171,6.079421498,1.7,5.885025777,3503.287596,3584.246493,1664.033771,49.7363822,38.43971574,70.86684401
Ac6-N4,Ac6,N4,0.1145,-2.167180456,-613.199362,-613.0434375,-612.9261955,-612.770271,1.657361471,-0.350960047,-0.001236524,-0.176099078,0.349723522,0.044337842,104.8611908,0.860301243,-0.618564349,-0.711050563,-0.265230207,0.501492626,-3.601109542,130.9192186,25.50427675,125.950852,5.084955881,2.766517333,6.500451228,1814.324445,3761.894948,74.82025817,58.7779971,90.40493836,-612.6521905,-612.510377,-612.4435471,-612.3017336,9.881886201,-0.256098948,0.014671512,-0.120714489,0.270770461,0.026910717,116.4070517,0.826300002,-0.271382324,0.001700661,-0.807731488,-3.304039786,125.8254672,4.799185048,2.816195799,6.582122532,1687.010329,1336.126927,72.11886462,56.20676467,88.91026904,-763.0286471,-762.8303703,-762.6925755,-762.4942986,3.874470033,-0.305633689,-0.021080654,-0.16335788,0.284553035,0.046892213,145.5484713,0.784309031,-0.570459184,-0.498497571,-0.26445734,-0.942353485,128.2754372,120.2439177,115.5651161,57.33320344,124.1191477,123.4584993,55.08945032,5.11889803,3.059783997,6.545439121,1773.605116,79.28805331,67.76442355,91.55124977,-558.1688138,-557.9815674,-557.8856396,-557.6983932,1.726050134,-0.275623811,-0.009802043,-0.142710327,0.265821769,0.038309135,167.6758089,-0.879356174,-0.206638797,0.00326582,0.367590329,137.0363302,0.204591059,30.81418157,0.773656066,-0.379957677,107.0437428,0.144384138,110.429966,7.128639,1.808569748,10.06648907,3494.911965,3574.722155,1659.054626,49.23050822,37.56639443,71.07312913
Ac17-N6,Ac17,N6,0.1390,-1.973641123,-537.716215,-537.5760145,-537.4726843,-537.3324838,1.9899,-0.30174,0.00023,-0.15076,0.30197,0.03763,118.38,0.85351,-0.65286,-0.6991,-0.21132,0.49875,-8.229749853,153.6079501,25.5562,124.9,5.190093172,2.777430178,5.861971041,1783.577553,3761.230497,72.41041261,56.47998664,89.16148079,-537.162528,-537.0365465,-536.9856291,-536.8596476,11.75905005,-0.251335005,0.01523,-0.118055005,0.266565005,0.02614,133.093,0.81354,-0.21184,0.019095005,-0.812862497,-2.423600915,150.0558998,5.377127912,2.681218835,5.921455134,1677.798149,1315.538251,70.66248434,54.28807358,88.25029965,-687.5414084,-687.3596211,-687.2349851,-687.0531977,4.81382688,-0.29621688,-0.018845263,-0.157530586,0.277371618,0.044734291,159.4515528,0.778204756,-0.583761304,-0.496816416,-0.205665263,-4.17628519,150.1475094,119.4795486,116.6616862,80.44260529,95.50156735,99.75258174,84.30351993,5.832826569,2.552301794,5.924612179,1766.764619,78.70237939,66.92159156,91.29202679,-480.7253645,-480.5675397,-480.4825554,-480.3247306,1.751256887,-0.267075286,-0.019887314,-0.14348195,0.247187972,0.041645584,139.2578667,-0.880405794,-0.210143,0.003515597,0.368050958,139.405671,0.580331644,30.64385272,0.777734725,-0.429213807,106.807428,0.631341866,110.3313565,5.655189822,1.796887292,7.079468286,3498.705843,3576.484395,1663.59863,50.68469736,39.58448318,71.60193211
Ac4-N7,Ac4,N7,0.2922,-1.23048791,-535.5303712,-535.4194603,-535.2943934,-535.1834825,3.98423842,-0.28812895,-0.023308033,-0.155715576,0.264820918,0.045780521,106.1041903,0.823594788,-0.624956704,-0.709420372,-0.234541453,0.497250608,5.64344514,53.25662112,25.27307096,125.7672656,6.451141729,1.784944122,5.45571222,1780.668613,3769.90831,70.33492291,52.54337413,88.43289099,-534.980324,-534.882661,-534.8093645,-534.7117015,9.1627,-0.2496,0.01586,-0.11687,0.26546,0.02573,115.277,0.78317,-0.19032,0.00587,-0.800575,-3.6387,26.1353,6.51831159,2.282661916,5.01461144,1664.139,1351.3142,72.9678079,55.53655493,90.21519914,-685.3597821,-685.2063641,-685.062163,-684.9087451,6.488401746,-0.291620423,-0.030598817,-0.161104627,0.261021606,0.049722077,147.2339573,0.757106316,-0.570217812,-0.489368183,-0.210216108,1.694181449,44.26178959,120.3712765,116.6554545,87.41877181,90.1025994,92.64446738,89.83464659,6.448187937,2.28770634,5.507438072,1766.784698,75.6086887,62.18654553,90.33296792,-343.0732818,-342.9712336,-342.9057091,-342.8036608,3.366978485,-0.304860188,-0.003160173,-0.154013851,0.301700015,0.039315025,84.59259139,-0.877825848,-0.221970728,0.006942688,0.369110553,135.4655244,1.067387999,30.43430952,0.787828462,-0.384313401,106.7013347,0.885549407,109.821115,5.68604154,1.7505709,5.960390745,3495.063558,3572.085847,1668.845932,49.30899441,37.20715811,71.21791864
Ac5-N15,Ac5,N15,0.0713,-2.640858952,-538.9593523,-538.797585,-538.7004955,-538.5387282,1.954112974,-0.302946752,-0.000924574,-0.151939593,0.302022178,0.038214612,120.944785,0.860313134,-0.629122879,-0.713887216,-0.176588163,0.496901685,-9.525044568,135.3716749,25.64860086,125.7673968,5.051565998,2.868315551,6.286349575,1799.024299,3762.778162,76.49322562,61.22622853,91.13615216,-538.407623,-538.259739,-538.2125308,-538.0646468,10.8818,-0.2425,0.01464,-0.11393,0.25714,0.02524,135.892,0.81847,-0.19156,0.01649,-0.815185,-6.3591,132.9177,5.03578612,2.862243998,6.288561328,1681.0907,1317.7671,73.52810208,58.04291487,89.5751324,-688.7866043,-688.5819618,-688.4646916,-688.260049,4.96456,-0.299950722,-0.017058317,-0.158504519,0.282892406,0.044408317,161.4228386,0.784249,-0.581827709,-0.505195918,-0.17179588,-9.468998088,130.2023871,118.8585127,118.157412,62.39092215,118.3279946,116.6343363,62.64741713,5.599495372,2.868933388,6.171241285,1773.928111,81.09321915,70.19943717,92.32641761,-441.5956173,-441.4519545,-441.3774133,-441.2337504,3.155287688,-0.276232352,0.000329008,-0.137955593,0.27656136,0.034406646,107.9344028,-0.879818631,-0.207507832,0.006191759,0.367261984,140.9683193,1.115231053,30.64536802,0.785059712,-0.380413098,107.046272,0.658605291,109.8281279,5.56217072,1.746078034,6.007450925,3498.603283,3578.306538,1662.699373,50.23412992,38.85102459,71.40789643
Ac4-N3,Ac4,N3,0.3328,-1.100363822,-535.5303712,-535.4194603,-535.2943934,-535.1834825,3.98423842,-0.28812895,-0.023308033,-0.155715576,0.264820918,0.045780521,106.1041903,0.823594788,-0.624956704,-0.709420372,-0.234541453,0.497250608,5.64344514,53.25662112,25.27307096,125.7672656,6.451141729,1.784944122,5.45571222,1780.668613,3769.90831,70.33492291,52.54337413,88.43289099,-534.980324,-534.882661,-534.8093645,-534.7117015,9.1627,-0.2496,0.01586,-0.11687,0.26546,0.02573,115.277,0.78317,-0.19032,0.00587,-0.800575,-3.6387,26.1353,6.51831159,2.282661916,5.01461144,1664.139,1351.3142,72.9678079,55.53655493,90.21519914,-685.3597821,-685.2063641,-685.062163,-684.9087451,6.488401746,-0.291620423,-0.030598817,-0.161104627,0.261021606,0.049722077,147.2339573,0.757106316,-0.570217812,-0.489368183,-0.210216108,1.694181449,44.26178959,120.3712765,116.6554545,87.41877181,90.1025994,92.64446738,89.83464659,6.448187937,2.28770634,5.507438072,1766.784698,75.6086887,62.18654553,90.33296792,-825.9893412,-825.8599178,-825.7710285,-825.6416051,2.042279437,-0.296738468,0.000880292,-0.147924494,0.297618761,0.036762516,113.7497136,-0.891160009,-0.180450364,0.004977679,0.379079105,141.8199188,0.455263086,31.26841787,0.766626518,-0.37917069,107.0472076,0.207756124,110.8071955,5.988747481,1.852308703,6.488482766,3500.90084,3578.887746,1661.931775,50.28343349,39.28737327,71.26549684
Ac17-N2,Ac17,N2,0.4886,-0.716313459,-537.716215,-537.5760145,-537.4726843,-537.3324838,1.9899,-0.30174,0.00023,-0.15076,0.30197,0.03763,118.38,0.85351,-0.65286,-0.6991,-0.21132,0.49875,-8.229749853,153.6079501,25.5562,124.9,5.190093172,2.777430178,5.861971041,1783.577553,3761.230497,72.41041261,56.47998664,89.16148079,-537.162528,-537.0365465,-536.9856291,-536.8596476,11.75905005,-0.251335005,0.01523,-0.118055005,0.266565005,0.02614,133.093,0.81354,-0.21184,0.019095005,-0.812862497,-2.423600915,150.0558998,5.377127912,2.681218835,5.921455134,1677.798149,1315.538251,70.66248434,54.28807358,88.25029965,-687.5414084,-687.3596211,-687.2349851,-687.0531977,4.81382688,-0.29621688,-0.018845263,-0.157530586,0.277371618,0.044734291,159.4515528,0.778204756,-0.583761304,-0.496816416,-0.205665263,-4.17628519,150.1475094,119.4795486,116.6616862,80.44260529,95.50156735,99.75258174,84.30351993,5.832826569,2.552301794,5.924612179,1766.764619,78.70237939,66.92159156,91.29202679,-330.67035,-330.4875166,-330.4775742,-330.2947409,1.912229795,-0.297180357,0.004167743,-0.146509679,0.301348101,0.035613304,91.31693309,-0.889124441,-0.184426268,0.000645078,0.36376153,134.8748925,0.664689913,31.25276968,0.754605614,-0.369754559,107.3487459,0.320017797,111.2664171,6.079421498,1.7,5.885025777,3503.287596,3584.246493,1664.033771,49.7363822,38.43971574,70.86684401
Ac1-N10,Ac1,N10,0.5928,-0.522982554,-543.8035808,-543.5590307,-543.5083487,-543.2637986,2.007054324,-0.351506266,0.000794646,-0.175356014,0.352300912,0.043641485,128.3366823,0.841832171,-0.636284417,-0.718098456,-0.502370112,0.495987621,-6.76706478,152.052178,25.54190445,126.2555128,7.121456763,1.993439175,8.469990942,1810.954726,3757.66457,70.2330218,52.04906691,88.65378312,-543.2458707,-543.0148129,-543.0148129,-542.7837552,18.2166934,-0.250686465,0.014810239,-0.11793877,0.265496705,0.026196236,141.2315129,0.791253592,-0.503071748,0.002421391,-0.831287182,-5.186805011,145.6135978,5.768744911,1.97432454,9.670036655,1650.693054,1353.255063,68.90478482,50.91126914,88.01249792,-693.6304154,-693.3441664,-693.2743183,-692.9880693,4.665315461,-0.302567249,-0.015277038,-0.158923215,0.287290211,0.043957231,170.7375271,0.768623984,-0.587457647,-0.496628852,-0.496251344,-4.652138337,149.0020611,119.7311493,116.0760382,71.2351108,108.1864568,108.4817745,71.11061238,6.531767621,1.928630721,10.04686984,1790.916724,74.73912721,61.10645727,89.64034857,-480.9266534,-480.7580212,-480.6835574,-480.5149252,2.343045499,-0.270607463,0.000352509,-0.135123814,0.270959972,0.033695272,121.6586384,-0.885528159,-0.043040429,0.004688843,0.368547184,131.2682127,0.179049465,30.74383524,0.771143785,-0.380734757,107.1869237,0.152457385,110.5031101,6.082054458,2.003152874,8.012300139,3492.590931,3572.930824,1655.156103,52.86632354,42.64112277,72.80008378
Ac17-N3,Ac17,N3,0.6173,-0.482481151,-537.716215,-537.5760145,-537.4726843,-537.3324838,1.9899,-0.30174,0.00023,-0.15076,0.30197,0.03763,118.38,0.85351,-0.65286,-0.6991,-0.21132,0.49875,-8.229749853,153.6079501,25.5562,124.9,5.190093172,2.777430178,5.861971041,1783.577553,3761.230497,72.41041261,56.47998664,89.16148079,-537.162528,-537.0365465,-536.9856291,-536.8596476,11.75905005,-0.251335005,0.01523,-0.118055005,0.266565005,0.02614,133.093,0.81354,-0.21184,0.019095005,-0.812862497,-2.423600915,150.0558998,5.377127912,2.681218835,5.921455134,1677.798149,1315.538251,70.66248434,54.28807358,88.25029965,-687.5414084,-687.3596211,-687.2349851,-687.0531977,4.81382688,-0.29621688,-0.018845263,-0.157530586,0.277371618,0.044734291,159.4515528,0.778204756,-0.583761304,-0.496816416,-0.205665263,-4.17628519,150.1475094,119.4795486,116.6616862,80.44260529,95.50156735,99.75258174,84.30351993,5.832826569,2.552301794,5.924612179,1766.764619,78.70237939,66.92159156,91.29202679,-825.9893412,-825.8599178,-825.7710285,-825.6416051,2.042279437,-0.296738468,0.000880292,-0.147924494,0.297618761,0.036762516,113.7497136,-0.891160009,-0.180450364,0.004977679,0.379079105,141.8199188,0.455263086,31.26841787,0.766626518,-0.37917069,107.0472076,0.207756124,110.8071955,5.988747481,1.852308703,6.488482766,3500.90084,3578.887746,1661.931775,50.28343349,39.28737327,71.26549684
Ac15-N5,Ac15,N5,0.6427,-0.442077227,-1417.648557,-1417.559184,-1417.36911,-1417.279737,4.319636897,-0.308236754,-0.049617959,-0.178927356,0.258618795,0.061899827,144.2270607,0.796646376,-0.624635331,-0.709388891,-0.291039903,0.501209859,4.057410296,40.73120105,25.30066248,125.3245343,8.581687999,2.055157154,5.52230759,1786.838763,3770.624435,67.58027242,47.96946794,87.87484476,-1417.097886,-1417.022857,-1416.886541,-1416.811512,20.2115,-0.26799,-0.00748,-0.13773,0.26051,0.03641,155.967,0.74986,-0.23267,0.00876,-0.80651,3.0511,14.6804,8.70850392,2.123152323,5.51982958,1676.8802,1332.7821,65.8419068,45.92453135,87.20359145,-1567.474877,-1567.344869,-1567.133558,-1567.00355,7.29873917,-0.302863063,-0.063606276,-0.183229821,0.239256787,0.070166819,193.7663201,0.719218371,-0.58830565,-0.48301831,-0.293556829,8.348976631,42.73425641,119.7295081,115.9493075,93.2160738,85.97623184,86.71083976,94.0968546,8.51216391,2.519650431,5.60705168,1762.585214,72.31753896,57.2114327,89.08817238,-327.2438279,-327.1110494,-327.0784491,-326.9456706,3.154506065,-0.303211678,0.004046822,-0.149587076,0.3072585,0.036414495,72.12185245,-0.894177187,-0.031010088,0.000541754,0.371181863,137.6715286,0.076268214,31.01199717,0.763945648,-0.379521291,107.2156704,0.070519566,110.8645487,5.181908143,1.985045364,3.766389547,3492.095304,3570.955763,1657.058875,51.93375369,41.36314114,72.3327578
Ac20-N11,Ac20,N11,0.6730,-0.396009949,-896.6352662,-896.5761703,-896.4263503,-896.3672543,4.659268678,-0.326570107,-0.045160674,-0.18586039,0.281409432,0.061377125,94.99836505,0.807175803,-0.609659518,-0.693382558,0.09364173,0.503436691,6.702016797,20.162106,24.94026947,123.955089,6.394535491,1.721134177,4.51839083,1799.690107,3767.134705,68.71245056,49.83685009,88.06618512,-896.091082,-896.047457,-895.9483032,-895.9046782,13.7575,-0.27436,0.0039,-0.13523,0.27826,0.03286,104.356,0.75925,0.13539,0.03654,-0.79239,8.2109,-2.005,6.50075936,1.72144729,4.45968059,1698.1901,1321.7892,66.71693022,47.6570191,87.23678412,-1046.463772,-1046.363449,-1046.189566,-1046.089242,6.905124455,-0.304026883,-0.05927808,-0.181650939,0.244748803,0.067427624,139.8092134,0.728720995,-0.576232309,-0.49039788,0.116614452,7.767417662,16.50004065,120.0309478,120.0057214,110.6730756,65.086088,69.21221739,115.0282878,6.408431277,1.803193951,5.110052984,1747.969794,73.24384838,58.95150373,89.22070706,-637.0391758,-636.7814614,-636.7118448,-636.4541304,2.575847911,-0.297763345,0.001594435,-0.148083891,0.29935778,0.036628386,161.8727329,-0.887146555,-0.042645721,0.009815982,0.36900878,128.6522323,1.919166151,30.97978918,0.787818547,-0.378381399,106.98697,1.070580126,109.6971945,6.276919102,2.011602607,8.234450634,3490.343543,3570.771498,1654.100047,53.11201459,43.71224599,72.60909661
Ac22-N11,Ac22,N11,0.7507,-0.286749174,-635.5324605,-635.4821822,-635.2928585,-635.2425802,2.433127245,-0.333338761,-0.042008661,-0.187678092,0.2913301,0.060449421,82.54058201,0.804556818,-0.605838633,-0.688123898,0.010006113,0.501609494,8.567303835,37.28955891,25.07648148,124.4865849,7.026485919,1.720568999,3.859402258,1798.140976,3764.848172,69.3049708,50.82850893,88.14954904,-634.992782,-634.955387,-634.8169039,-634.7795089,12.9052,-0.27107,0.00635,-0.13236,0.27742,0.03158,92.8954,0.76646,0.08965,0,-0.78003,2.7694,6.5119,7.11961753,2.424928877,3.853603721,1693.6273,1359.9408,68.03974178,49.17668504,88.08682597,-785.3582111,-785.2660508,-785.0550103,-784.96285,4.677252961,-0.309386524,-0.036494438,-0.172937955,0.272892086,0.054799284,124.0642333,0.738581961,-0.542233211,-0.493863392,0.039387054,6.953003527,28.89231459,122.2015767,115.4928569,88.7946098,89.99123786,91.16672569,90.04742665,7.0193501,2.319081067,5.30915556,1796.504207,74.48772662,60.52636003,89.83588429,-637.0391758,-636.7814614,-636.7118448,-636.4541304,2.575847911,-0.297763345,0.001594435,-0.148083891,0.29935778,0.036628386,161.8727329,-0.887146555,-0.042645721,0.009815982,0.36900878,128.6522323,1.919166151,30.97978918,0.787818547,-0.378381399,106.98697,1.070580126,109.6971945,6.276919102,2.011602607,8.234450634,3490.343543,3570.771498,1654.100047,53.11201459,43.71224599,72.60909661
Ac4-N2,Ac4,N2,0.7521,-0.284885985,-535.5303712,-535.4194603,-535.2943934,-535.1834825,3.98423842,-0.28812895,-0.023308033,-0.155715576,0.264820918,0.045780521,106.1041903,0.823594788,-0.624956704,-0.709420372,-0.234541453,0.497250608,5.64344514,53.25662112,25.27307096,125.7672656,6.451141729,1.784944122,5.45571222,1780.668613,3769.90831,70.33492291,52.54337413,88.43289099,-534.980324,-534.882661,-534.8093645,-534.7117015,9.1627,-0.2496,0.01586,-0.11687,0.26546,0.02573,115.277,0.78317,-0.19032,0.00587,-0.800575,-3.6387,26.1353,6.51831159,2.282661916,5.01461144,1664.139,1351.3142,72.9678079,55.53655493,90.21519914,-685.3597821,-685.2063641,-685.062163,-684.9087451,6.488401746,-0.291620423,-0.030598817,-0.161104627,0.261021606,0.049722077,147.2339573,0.757106316,-0.570217812,-0.489368183,-0.210216108,1.694181449,44.26178959,120.3712765,116.6554545,87.41877181,90.1025994,92.64446738,89.83464659,6.448187937,2.28770634,5.507438072,1766.784698,75.6086887,62.18654553,90.33296792,-330.67035,-330.4875166,-330.4775742,-330.2947409,1.912229795,-0.297180357,0.004167743,-0.146509679,0.301348101,0.035613304,91.31693309,-0.889124441,-0.184426268,0.000645078,0.36376153,134.8748925,0.664689913,31.25276968,0.754605614,-0.369754559,107.3487459,0.320017797,111.2664171,6.079421498,1.7,5.885025777,3503.287596,3584.246493,1664.033771,49.7363822,38.43971574,70.86684401
Ac16-N1,Ac16,N1,0.7690,-0.262729331,-497.4210375,-497.3169295,-497.2015257,-497.0974177,2.588306877,-0.278902114,-0.000947371,-0.139924743,0.277954743,0.035215528,92.96570555,0.823485837,-0.639383098,-0.71366288,-0.285296081,0.499253339,6.408609608,58.45716933,25.55106412,125.6827068,6.606887954,1.973678222,4.253832932,1777.610549,3770.690556,69.13084949,51.41016865,88.0455897,-496.864446,-496.773531,-496.7152684,-496.6243534,12.3854,-0.24009,0.01365,-0.11322,0.25374,0.02526,101.919,0.78459,-0.24758,0.01006,-0.81578,4.2727,43.7234,6.67697247,1.975581,4.23193267,1659.1135,1331.9348,67.20786108,49.20993278,87.30201412,-647.2449987,-647.0986864,-646.9645903,-646.8182781,5.479970661,-0.282211997,-0.02711566,-0.154664434,0.255096337,0.046885797,136.8951514,0.743022203,-0.585439088,-0.488256464,-0.27190829,7.276228772,53.92385156,119.4112314,116.640864,82.83119616,90.99256576,97.12395474,89.05192604,6.670578224,2.162200699,5.289125541,1749.246673,73.93629673,60.67759008,89.3635302,-249.7863209,-249.6905873,-249.6558683,-249.5601347,2.761552784,-0.305387497,0.003743175,-0.15082188,0.309130673,0.036789136,53.33706846,-0.888751717,-0.214328715,0.004952024,0.366667707,142.8394263,0.924501992,31.06307523,0.77296372,-0.377147377,107.1599269,1.057462993,110.4190353,4.683213568,1.741608587,5.249352941,3499.003928,3577.986452,1666.330071,48.78490114,36.91126179,70.76487376
Ac1-N12,Ac1,N12,0.7926,-0.232499684,-543.8035808,-543.5590307,-543.5083487,-543.2637986,2.007054324,-0.351506266,0.000794646,-0.175356014,0.352300912,0.043641485,128.3366823,0.841832171,-0.636284417,-0.718098456,-0.502370112,0.495987621,-6.76706478,152.052178,25.54190445,126.2555128,7.121456763,1.993439175,8.469990942,1810.954726,3757.66457,70.2330218,52.04906691,88.65378312,-543.2458707,-543.0148129,-543.0148129,-542.7837552,18.2166934,-0.250686465,0.014810239,-0.11793877,0.265496705,0.026196236,141.2315129,0.791253592,-0.503071748,0.002421391,-0.831287182,-5.186805011,145.6135978,5.768744911,1.97432454,9.670036655,1650.693054,1353.255063,68.90478482,50.91126914,88.01249792,-693.6304154,-693.3441664,-693.2743183,-692.9880693,4.665315461,-0.302567249,-0.015277038,-0.158923215,0.287290211,0.043957231,170.7375271,0.768623984,-0.587457647,-0.496628852,-0.496251344,-4.652138337,149.0020611,119.7311493,116.0760382,71.2351108,108.1864568,108.4817745,71.11061238,6.531767621,1.928630721,10.04686984,1790.916724,74.73912721,61.10645727,89.64034857,-647.7906697,-647.7103139,-647.6307815,-647.5504258,1.649551771,-0.283966399,0.000957865,-0.141504267,0.284924264,0.035134465,84.51563208,-0.873810609,-0.228858801,0.002124774,0.367871718,143.0553488,0.220188955,30.72529715,0.775291203,-0.384524758,106.9164797,0.532057016,110.4130206,4.969620909,1.732529755,5.78180733,3498.029066,3576.485073,1666.169822,48.36164415,36.70007077,70.46128675
Ac7-N15,Ac7,N15,0.8803,-0.127492521,-424.6117074,-424.4607895,-424.4031535,-424.2522356,2.231660821,-0.343702965,0.00161458,-0.171044192,0.345317544,0.042359566,86.74366024,0.851737102,-0.636986027,-0.71841604,-0.325141828,0.495859675,-9.681846193,140.5338125,25.64473986,126.2126393,6.100319366,2.065922549,3.791581577,1805.398603,3758.077343,71.97942695,54.75765954,89.33278031,-424.0515855,-423.9151524,-423.9120628,-423.7756298,12.05186982,-0.245512812,0.017883372,-0.113812533,0.263396183,0.024589544,98.74440349,0.79893466,-0.319188488,0.009084511,-0.831843269,-9.345327756,133.5604667,6.132564848,2.177375369,3.837759415,1651.370616,1341.150569,70.06966,52.59842407,88.51134675,-574.4385845,-574.2453475,-574.1689919,-573.9757549,4.840002543,-0.302224725,-0.014112811,-0.158166545,0.288111914,0.043415256,128.8155455,0.778661249,-0.587888083,-0.496133398,-0.321257541,-8.246672193,139.269095,119.4587038,116.316477,84.63041819,96.17501261,95.25353358,83.94150076,6.226784789,2.345970957,5.323864527,1785.707933,76.32636676,63.56596301,90.32890267,-441.5956173,-441.4519545,-441.3774133,-441.2337504,3.155287688,-0.276232352,0.000329008,-0.137955593,0.27656136,0.034406646,107.9344028,-0.879818631,-0.207507832,0.006191759,0.367261984,140.9683193,1.115231053,30.64536802,0.785059712,-0.380413098,107.046272,0.658605291,109.8281279,5.56217072,1.746078034,6.007450925,3498.603283,3578.306538,1662.699373,50.23412992,38.85102459,71.40789643
Ac21-N9,Ac21,N9,1.0712,0.068779515,-896.6326281,-896.5734301,-896.4230575,-896.3638596,2.550021639,-0.340998722,-0.043861964,-0.192431827,0.297136758,0.062308995,94.69130049,0.807870639,-0.610172003,-0.693130737,0.09895484,0.50324895,6.189969433,17.85791841,24.91810866,123.9876169,6.394521206,1.720525491,4.447962407,1799.457904,3766.374451,68.76512058,49.89371883,88.08578576,-896.08783,-896.044623,-895.9450876,-895.9018806,14.1419,-0.27308,0.0065,-0.13329,0.27958,0.03177,104.811,0.76071,0.13996,0.03706,-0.79331,7.9161,-4.191,6.49776455,1.719298808,4.55124676,1698.7746,1321.4375,66.76043902,47.72184535,87.23029979,-1046.460616,-1046.36058,-1046.186009,-1046.085974,5.366194026,-0.304095153,-0.058099884,-0.181097063,0.245995269,0.066697709,140.6227805,0.73012756,-0.576335315,-0.49020705,0.121266047,7.213166515,14.03191149,119.9919551,119.8707636,94.50809234,81.43649421,85.53150588,98.52445308,6.40463012,1.813390168,5.163307785,1749.692406,73.30107701,59.0136896,89.24131189,-597.4978745,-597.2836227,-597.1912765,-596.9770248,1.576678258,-0.291817721,-0.000200629,-0.146007656,0.291617093,0.036552197,167.2614933,-0.886175931,-0.030119698,0.00340973,0.373742562,123.595058,0.237643995,30.71852278,0.765657865,-0.381634876,107.6097319,0.205972346,110.587706,7.000787901,2.112935897,6.679199069,3498.188418,3578.940931,1655.721904,55.52883343,45.99054086,74.1524994
Ac17-N15,Ac17,N15,1.1216,0.114756237,-537.716215,-537.5760145,-537.4726843,-537.3324838,1.9899,-0.30174,0.00023,-0.15076,0.30197,0.03763,118.38,0.85351,-0.65286,-0.6991,-0.21132,0.49875,-8.229749853,153.6079501,25.5562,124.9,5.190093172,2.777430178,5.861971041,1783.577553,3761.230497,72.41041261,56.47998664,89.16148079,-537.162528,-537.0365465,-536.9856291,-536.8596476,11.75905005,-0.251335005,0.01523,-0.118055005,0.266565005,0.02614,133.093,0.81354,-0.21184,0.019095005,-0.812862497,-2.423600915,150.0558998,5.377127912,2.681218835,5.921455134,1677.798149,1315.538251,70.66248434,54.28807358,88.25029965,-687.5414084,-687.3596211,-687.2349851,-687.0531977,4.81382688,-0.29621688,-0.018845263,-0.157530586,0.277371618,0.044734291,159.4515528,0.778204756,-0.583761304,-0.496816416,-0.205665263,-4.17628519,150.1475094,119.4795486,116.6616862,80.44260529,95.50156735,99.75258174,84.30351993,5.832826569,2.552301794,5.924612179,1766.764619,78.70237939,66.92159156,91.29202679,-441.5956173,-441.4519545,-441.3774133,-441.2337504,3.155287688,-0.276232352,0.000329008,-0.137955593,0.27656136,0.034406646,107.9344028,-0.879818631,-0.207507832,0.006191759,0.367261984,140.9683193,1.115231053,30.64536802,0.785059712,-0.380413098,107.046272,0.658605291,109.8281279,5.56217072,1.746078034,6.007450925,3498.603283,3578.306538,1662.699373,50.23412992,38.85102459,71.40789643
Ac19-N8,Ac19,N8,1.1503,0.140022778,-347.1608748,-347.0473412,-346.988786,-346.8752524,2.052049472,-0.355004351,0.000826238,-0.17709338,0.355830589,0.044070209,68.0915165,0.844432451,-0.635316862,-0.7183501,-0.499865981,0.496309146,-6.04479056,141.5978717,25.55568579,126.2991088,5.253593203,1.958087315,4.503690935,1810.236585,3756.792759,70.83426836,52.71637221,88.91810608,-346.601142,-346.5015428,-346.4984999,-346.3989007,10.04980103,-0.250212643,0.018967516,-0.11561768,0.269180159,0.024835337,80.73144347,0.793809422,-0.501763695,0.001679536,-0.830881879,-4.912265592,134.0913214,5.418128628,2.080742044,4.483413218,1653.076928,1349.175611,68.66221922,50.26765644,87.94079776,-496.9870608,-496.8315233,-496.7541201,-496.5985826,4.388579921,-0.302866666,-0.015671655,-0.159271033,0.287195011,0.044163993,109.6072899,0.770818024,-0.587282462,-0.496690093,-0.493813879,-4.163895918,139.0287009,119.6702682,116.2499845,92.85050782,86.44977041,86.7477338,92.77461129,5.268476061,1.951399384,5.295311471,1788.65116,75.2936192,61.72521403,89.92405589,-343.069405,-342.967559,-342.9026174,-342.8007714,2.7865,-0.30244,-0.00322,-0.15283,0.29922,0.03903,84.7624,-0.87243,-0.21232,0.00076,0.57826,138.9523,0.0441,30.87735,0.7762,-0.38415,106.709,0.146,110.465,4.87203638,1.7,5.987965019,3493.7978,3571.3233,1666.9311,48.0505409,36.60271839,70.26991697
Ac9-N6,Ac9,N6,1.2320,0.20859828,-536.2810592,-536.2196514,-536.0691891,-536.0077813,4.529849637,-0.332414676,-0.04296613,-0.187693096,0.289448546,0.060853839,81.52444275,0.823636389,-0.612470528,-0.700906219,-0.26817025,0.504580367,7.722230447,58.36658316,24.91051157,124.5753903,6.400994039,1.700018409,3.827836572,1792.963547,3765.823556,69.7382813,51.80877588,88.22320557,-535.739503,-535.692407,-535.5927724,-535.5456764,10.87605,-0.27047,0.01312,-0.12867,0.28359,0.02919,92.11615,0.78197,-0.20411,0.011225,-0.7870925,3.786900011,31.74120001,6.484865635,2.190861063,3.828453514,1688.326,1341.65015,68.29889638,49.88092922,88.06239393,-686.1061512,-686.0026083,-685.8321532,-685.7286102,6.175577816,-0.307328294,-0.047172677,-0.17725,0.260155618,0.060382624,124.654323,0.747173857,-0.560920052,-0.491334145,-0.244959659,5.754512713,50.70556634,121.1257664,117.2859474,79.83113471,94.51780053,100.4102057,85.24085909,6.403473395,2.110347884,5.288207783,1763.976767,74.8538479,61.36629608,89.96684398,-480.7253645,-480.5675397,-480.4825554,-480.3247306,1.751256887,-0.267075286,-0.019887314,-0.14348195,0.247187972,0.041645584,139.2578667,-0.880405794,-0.210143,0.003515597,0.368050958,139.405671,0.580331644,30.64385272,0.777734725,-0.429213807,106.807428,0.631341866,110.3313565,5.655189822,1.796887292,7.079468286,3498.705843,3576.484395,1663.59863,50.68469736,39.58448318,71.60193211
Ac1-N6,Ac1,N6,1.5673,0.449354394,-543.8035808,-543.5590307,-543.5083487,-543.2637986,2.007054324,-0.351506266,0.000794646,-0.175356014,0.352300912,0.043641485,128.3366823,0.841832171,-0.636284417,-0.718098456,-0.502370112,0.495987621,-6.76706478,152.052178,25.54190445,126.2555128,7.121456763,1.993439175,8.469990942,1810.954726,3757.66457,70.2330218,52.04906691,88.65378312,-543.2458707,-543.0148129,-543.0148129,-542.7837552,18.2166934,-0.250686465,0.014810239,-0.11793877,0.265496705,0.026196236,141.2315129,0.791253592,-0.503071748,0.002421391,-0.831287182,-5.186805011,145.6135978,5.768744911,1.97432454,9.670036655,1650.693054,1353.255063,68.90478482,50.91126914,88.01249792,-693.6304154,-693.3441664,-693.2743183,-692.9880693,4.665315461,-0.302567249,-0.015277038,-0.158923215,0.287290211,0.043957231,170.7375271,0.768623984,-0.587457647,-0.496628852,-0.496251344,-4.652138337,149.0020611,119.7311493,116.0760382,71.2351108,108.1864568,108.4817745,71.11061238,6.531767621,1.928630721,10.04686984,1790.916724,74.73912721,61.10645727,89.64034857,-480.7253645,-480.5675397,-480.4825554,-480.3247306,1.751256887,-0.267075286,-0.019887314,-0.14348195,0.247187972,0.041645584,139.2578667,-0.880405794,-0.210143,0.003515597,0.368050958,139.405671,0.580331644,30.64385272,0.777734725,-0.429213807,106.807428,0.631341866,110.3313565,5.655189822,1.796887292,7.079468286,3498.705843,3576.484395,1663.59863,50.68469736,39.58448318,71.60193211
Ac15-N16,Ac15,N16,2.2738,0.821452441,-1417.648557,-1417.559184,-1417.36911,-1417.279737,4.319636897,-0.308236754,-0.049617959,-0.178927356,0.258618795,0.061899827,144.2270607,0.796646376,-0.624635331,-0.709388891,-0.291039903,0.501209859,4.057410296,40.73120105,25.30066248,125.3245343,8.581687999,2.055157154,5.52230759,1786.838763,3770.624435,67.58027242,47.96946794,87.87484476,-1417.097886,-1417.022857,-1416.886541,-1416.811512,20.2115,-0.26799,-0.00748,-0.13773,0.26051,0.03641,155.967,0.74986,-0.23267,0.00876,-0.80651,3.0511,14.6804,8.70850392,2.123152323,5.51982958,1676.8802,1332.7821,65.8419068,45.92453135,87.20359145,-1567.474877,-1567.344869,-1567.133558,-1567.00355,7.29873917,-0.302863063,-0.063606276,-0.183229821,0.239256787,0.070166819,193.7663201,0.719218371,-0.58830565,-0.48301831,-0.293556829,8.348976631,42.73425641,119.7295081,115.9493075,93.2160738,85.97623184,86.71083976,94.0968546,8.51216391,2.519650431,5.60705168,1762.585214,72.31753896,57.2114327,89.08817238,-252.002541,-251.87542,-251.8591249,-251.7320039,1.7994,-0.29959,0.00315,-0.14822,0.30274,0.03628,67.0197,-0.89476,-0.03734,0.00649,0.364205,128.1818,0.4869,31.20905,0.7671,-0.37405,106.873,0.364,110.861,4.26616995,1.925297439,4.16982193,3491.6191,3569.2888,1659.8304,52.31628355,42.28046133,72.26857489
Ac22-N14,Ac22,N14,2.6537,0.975954893,-635.5324605,-635.4821822,-635.2928585,-635.2425802,2.433127245,-0.333338761,-0.042008661,-0.187678092,0.2913301,0.060449421,82.54058201,0.804556818,-0.605838633,-0.688123898,0.010006113,0.501609494,8.567303835,37.28955891,25.07648148,124.4865849,7.026485919,1.720568999,3.859402258,1798.140976,3764.848172,69.3049708,50.82850893,88.14954904,-634.992782,-634.955387,-634.8169039,-634.7795089,12.9052,-0.27107,0.00635,-0.13236,0.27742,0.03158,92.8954,0.76646,0.08965,0,-0.78003,2.7694,6.5119,7.11961753,2.424928877,3.853603721,1693.6273,1359.9408,68.03974178,49.17668504,88.08682597,-785.3582111,-785.2660508,-785.0550103,-784.96285,4.677252961,-0.309386524,-0.036494438,-0.172937955,0.272892086,0.054799284,124.0642333,0.738581961,-0.542233211,-0.493863392,0.039387054,6.953003527,28.89231459,122.2015767,115.4928569,88.7946098,89.99123786,91.16672569,90.04742665,7.0193501,2.319081067,5.30915556,1796.504207,74.48772662,60.52636003,89.83588429,-1123.812298,-1123.711957,-1123.514945,-1123.414604,3.000443063,-0.315348037,-0.014427252,-0.164885802,0.300920785,0.045174867,115.4197601,-0.880660402,-0.205574554,0.007945119,0.371841605,139.1816815,0.18806778,30.68944455,0.770797394,-0.389063123,107.298945,0.141904435,110.4648303,5.972255358,1.925841458,7.204349037,3500.333536,3580.397126,1661.291581,50.21385295,39.70241674,71.07794434
Ac11-N10,Ac11,N10,2.8829,1.058796732,-534.324976,-534.236612,-534.095435,-534.007071,3.8487,-0.323,-0.05354,-0.18827,0.26946,0.06577,102.131,0.76587,-0.59927,-0.68499,0.49895,0.50568,4.4624,-24.1068,24.7975,123.618,6.5128843,2.051744799,5.753965848,1802.8723,3736.0523,71.05995891,52.6737965,89.31660641,-533.79176,-533.717151,-533.6268503,-533.5522413,13.4586,-0.25384,-0.00731,-0.13057,0.24653,0.03458,111.962,0.71018,0.50669,0.01046,-0.77957,-2.9389,-43.2921,6.3882606,2.226880128,5.911052281,1669.1466,1386.5965,69.82022356,51.06499942,89.13534691,-684.1545092,-684.0241283,-683.8607835,-683.7304027,5.475309164,-0.309626864,-0.063279861,-0.186453363,0.246347003,0.070563363,146.8857066,0.685320259,-0.555230732,-0.492241287,0.510609773,5.994714439,-26.40373774,122.342371,116.1557943,103.4733078,76.48499124,79.05272999,104.6866359,6.508972174,2.028548676,5.750898759,1772.145482,75.76286476,62.01321279,90.44778971,-480.9266534,-480.7580212,-480.6835574,-480.5149252,2.343045499,-0.270607463,0.000352509,-0.135123814,0.270959972,0.033695272,121.6586384,-0.885528159,-0.043040429,0.004688843,0.368547184,131.2682127,0.179049465,30.74383524,0.771143785,-0.380734757,107.1869237,0.152457385,110.5031101,6.082054458,2.003152874,8.012300139,3492.590931,3572.930824,1655.156103,52.86632354,42.64112277,72.80008378
Ac18-N12,Ac18,N12,3.5844,1.276591096,-572.4429255,-572.3460664,-572.2013452,-572.1044861,3.241582068,-0.290948885,-0.040129116,-0.165537861,0.250819768,0.054629814,119.0257627,0.781720744,-0.607690307,-0.699575739,0.185707675,0.503294698,12.33849681,23.48267929,25.19295736,124.8447611,8.125664399,1.7,4.038099664,1793.331694,3772.533134,67.88887225,48.85186189,87.86570918,-571.899197,-571.816421,-571.7251666,-571.6423906,15.3688,-0.2549,0.0093,-0.1228,0.2642,0.02854,125.929,0.74463,0.24423,0.01897,-0.788425,10.9256,1.4413,8.22287153,1.70022783,4.002988799,1695.6008,1318.5404,65.98928212,46.67047184,87.16652038,-722.269592,-722.1335753,-721.9631837,-721.8271669,5.356649862,-0.293123822,-0.058300038,-0.17571193,0.234823784,0.065741699,167.3551739,0.696665752,-0.579657644,-0.484194826,0.198001583,15.91691106,19.97778881,120.0385675,120.0425251,161.1909023,18.79028684,18.80999341,161.2088174,8.093664612,1.70085243,4.983411983,1732.108671,72.30228136,57.82754494,88.98489373,-647.7906697,-647.7103139,-647.6307815,-647.5504258,1.649551771,-0.283966399,0.000957865,-0.141504267,0.284924264,0.035134465,84.51563208,-0.873810609,-0.228858801,0.002124774,0.367871718,143.0553488,0.220188955,30.72529715,0.775291203,-0.384524758,106.9164797,0.532057016,110.4130206,4.969620909,1.732529755,5.78180733,3498.029066,3576.485073,1666.169822,48.36164415,36.70007077,70.46128675
Ac15-N15,Ac15,N15,4.0469,1.397938801,-1417.648557,-1417.559184,-1417.36911,-1417.279737,4.319636897,-0.308236754,-0.049617959,-0.178927356,0.258618795,0.061899827,144.2270607,0.796646376,-0.624635331,-0.709388891,-0.291039903,0.501209859,4.057410296,40.73120105,25.30066248,125.3245343,8.581687999,2.055157154,5.52230759,1786.838763,3770.624435,67.58027242,47.96946794,87.87484476,-1417.097886,-1417.022857,-1416.886541,-1416.811512,20.2115,-0.26799,-0.00748,-0.13773,0.26051,0.03641,155.967,0.74986,-0.23267,0.00876,-0.80651,3.0511,14.6804,8.70850392,2.123152323,5.51982958,1676.8802,1332.7821,65.8419068,45.92453135,87.20359145,-1567.474877,-1567.344869,-1567.133558,-1567.00355,7.29873917,-0.302863063,-0.063606276,-0.183229821,0.239256787,0.070166819,193.7663201,0.719218371,-0.58830565,-0.48301831,-0.293556829,8.348976631,42.73425641,119.7295081,115.9493075,93.2160738,85.97623184,86.71083976,94.0968546,8.51216391,2.519650431,5.60705168,1762.585214,72.31753896,57.2114327,89.08817238,-441.5956173,-441.4519545,-441.3774133,-441.2337504,3.155287688,-0.276232352,0.000329008,-0.137955593,0.27656136,0.034406646,107.9344028,-0.879818631,-0.207507832,0.006191759,0.367261984,140.9683193,1.115231053,30.64536802,0.785059712,-0.380413098,107.046272,0.658605291,109.8281279,5.56217072,1.746078034,6.007450925,3498.603283,3578.306538,1662.699373,50.23412992,38.85102459,71.40789643
Ac10-N11,Ac10,N11,4.8470,1.578359957,-535.5279225,-535.416998,-535.2965271,-535.1856025,2.410476452,-0.285324951,-0.001456818,-0.143387828,0.283868133,0.036216715,102.609767,0.812895012,-0.611441369,-0.709648805,-0.140527607,0.502747221,-0.779653733,120.5817425,25.24475073,125.4961404,5.8915248,1.913560255,6.43358886,1837.400935,3758.382225,69.85918166,51.18440441,88.55800733,-534.985721,-534.887746,-534.8174541,-534.7194791,11.8321,-0.24593,0.0154,-0.11527,0.26133,0.02542,115.399,0.75914,-0.15197,0.02662,-0.80782,1.0056,113.4184,4.64589413,1.890040955,7.175631413,1699.3134,1350.1692,69.57269564,51.18573424,88.56782184,-685.3540124,-685.2010408,-685.0611932,-684.9082217,4.189792784,-0.287638347,-0.023262003,-0.15544963,0.264376344,0.045712001,144.6632242,0.733388322,-0.566321347,-0.499928826,-0.129302429,0.450556613,117.4038739,121.3099441,115.5897855,34.79266176,143.9986961,144.954528,35.73410689,4.77971375,1.888591958,6.996083906,1806.896811,75.54792645,61.96071885,90.10222357,-637.0391758,-636.7814614,-636.7118448,-636.4541304,2.575847911,-0.297763345,0.001594435,-0.148083891,0.29935778,0.036628386,161.8727329,-0.887146555,-0.042645721,0.009815982,0.36900878,128.6522323,1.919166151,30.97978918,0.787818547,-0.378381399,106.98697,1.070580126,109.6971945,6.276919102,2.011602607,8.234450634,3490.343543,3570.771498,1654.100047,53.11201459,43.71224599,72.60909661
Ac12-N6,Ac12,N6,4.8703,1.58314527,-434.7907651,-434.7484844,-434.6252274,-434.5829468,1.497983355,-0.329477418,-0.030674908,-0.180079384,0.29880251,0.054263742,61.94702174,0.781572025,-0.603721145,-0.698507263,0.126136809,0.505336625,14.38917207,26.76165821,25.2246953,124.8130824,5.245395612,1.701236527,3.145692021,1802.146738,3769.714168,67.57228904,48.46544142,87.76675665,-434.249841,-434.221019,-434.1518018,-434.1229798,8.2533,-0.27847,0.02158,-0.12845,0.30005,0.02749,69.174,0.7461,0.16788,0.01382,-0.78895,11.903,9.7779,5.36073913,1.7,3.14398136,1694.6922,1329.6732,65.75773386,46.32973587,87.12254479,-584.615152,-584.5319139,-584.3864536,-584.3032154,3.32852546,-0.30746114,-0.052980677,-0.180220909,0.254480463,0.063824138,106.0564468,0.69791496,-0.568309558,-0.485034706,0.142830044,17.38916126,23.40789513,120.7197135,118.7005633,87.40962931,91.7697993,91.94224053,88.8780829,5.3401733,1.745057626,5.250246975,1748.274241,72.1049173,57.54215144,88.97755909,-480.7253645,-480.5675397,-480.4825554,-480.3247306,1.751256887,-0.267075286,-0.019887314,-0.14348195,0.247187972,0.041645584,139.2578667,-0.880405794,-0.210143,0.003515597,0.368050958,139.405671,0.580331644,30.64385272,0.777734725,-0.429213807,106.807428,0.631341866,110.3313565,5.655189822,1.796887292,7.079468286,3498.705843,3576.484395,1663.59863,50.68469736,39.58448318,71.60193211
Ac8-N3,Ac8,N3,4.8788,1.584899288,-757.7749852,-757.7371168,-757.5994854,-757.561617,3.685997771,-0.323563235,-0.027345534,-0.175449385,0.296217701,0.051961698,75.96192898,0.809668038,-0.613505472,-0.702030766,-0.020251786,0.501951185,10.38694669,24.17531016,25.17463139,124.8559932,5.708366646,1.760964689,3.251984379,1800.233746,3769.942952,68.16835304,49.2458041,87.92076175,-757.224434,-757.20057,-757.1191065,-757.0952425,12.5153,-0.27314,0.01855,-0.12729,0.29169,0.02778,86.5175,0.7705,0.00997,0.03168,-0.79958,9.1354,3.6748,5.78905253,1.756973035,3.24695072,1689.9686,1321.4395,66.27482757,47.08861628,87.17531194,-907.6034592,-907.5245689,-907.3629438,-907.2840535,6.056736024,-0.302920973,-0.046079524,-0.17449914,0.256841448,0.059291966,121.0888471,0.729196514,-0.586030441,-0.487379837,-0.003039553,12.82790605,20.377325,119.8977784,119.5984501,128.6512143,51.00910456,51.34530471,128.9943456,5.668637857,1.801783035,5.087870651,1742.109174,72.67831096,58.30335319,89.08868685,-825.9893412,-825.8599178,-825.7710285,-825.6416051,2.042279437,-0.296738468,0.000880292,-0.147924494,0.297618761,0.036762516,113.7497136,-0.891160009,-0.180450364,0.004977679,0.379079105,141.8199188,0.455263086,31.26841787,0.766626518,-0.37917069,107.0472076,0.207756124,110.8071955,5.988747481,1.852308703,6.488482766,3500.90084,3578.887746,1661.931775,50.28343349,39.28737327,71.26549684
Ac8-N13,Ac8,N13,5.1781,1.644438194,-757.7749852,-757.7371168,-757.5994854,-757.561617,3.685997771,-0.323563235,-0.027345534,-0.175449385,0.296217701,0.051961698,75.96192898,0.809668038,-0.613505472,-0.702030766,-0.020251786,0.501951185,10.38694669,24.17531016,25.17463139,124.8559932,5.708366646,1.760964689,3.251984379,1800.233746,3769.942952,68.16835304,49.2458041,87.92076175,-757.224434,-757.20057,-757.1191065,-757.0952425,12.5153,-0.27314,0.01855,-0.12729,0.29169,0.02778,86.5175,0.7705,0.00997,0.03168,-0.79958,9.1354,3.6748,5.78905253,1.756973035,3.24695072,1689.9686,1321.4395,66.27482757,47.08861628,87.17531194,-907.6034592,-907.5245689,-907.3629438,-907.2840535,6.056736024,-0.302920973,-0.046079524,-0.17449914,0.256841448,0.059291966,121.0888471,0.729196514,-0.586030441,-0.487379837,-0.003039553,12.82790605,20.377325,119.8977784,119.5984501,128.6512143,51.00910456,51.34530471,128.9943456,5.668637857,1.801783035,5.087870651,1742.109174,72.67831096,58.30335319,89.08868685,-664.1877278,-664.0764974,-663.9150883,-663.8038579,3.123235666,-0.305652398,-0.007264149,-0.156456281,0.298388248,0.041023592,103.4663377,-0.873835789,-0.211283859,0.001653715,0.368048638,136.600974,0.104946468,30.83464006,0.770831788,-0.384381178,106.9681119,0.016051382,110.6205084,6.306523922,1.744693151,7.683018069,3497.198077,3576.18858,1666.270835,48.68090495,37.1539941,70.70437797
Ac12-N3,Ac12,N3,5.9721,1.787090252,-434.7907651,-434.7484844,-434.6252274,-434.5829468,1.497983355,-0.329477418,-0.030674908,-0.180079384,0.29880251,0.054263742,61.94702174,0.781572025,-0.603721145,-0.698507263,0.126136809,0.505336625,14.38917207,26.76165821,25.2246953,124.8130824,5.245395612,1.701236527,3.145692021,1802.146738,3769.714168,67.57228904,48.46544142,87.76675665,-434.249841,-434.221019,-434.1518018,-434.1229798,8.2533,-0.27847,0.02158,-0.12845,0.30005,0.02749,69.174,0.7461,0.16788,0.01382,-0.78895,11.903,9.7779,5.36073913,1.7,3.14398136,1694.6922,1329.6732,65.75773386,46.32973587,87.12254479,-584.615152,-584.5319139,-584.3864536,-584.3032154,3.32852546,-0.30746114,-0.052980677,-0.180220909,0.254480463,0.063824138,106.0564468,0.69791496,-0.568309558,-0.485034706,0.142830044,17.38916126,23.40789513,120.7197135,118.7005633,87.40962931,91.7697993,91.94224053,88.8780829,5.3401733,1.745057626,5.250246975,1748.274241,72.1049173,57.54215144,88.97755909,-825.9893412,-825.8599178,-825.7710285,-825.6416051,2.042279437,-0.296738468,0.000880292,-0.147924494,0.297618761,0.036762516,113.7497136,-0.891160009,-0.180450364,0.004977679,0.379079105,141.8199188,0.455263086,31.26841787,0.766626518,-0.37917069,107.0472076,0.207756124,110.8071955,5.988747481,1.852308703,6.488482766,3500.90084,3578.887746,1661.931775,50.28343349,39.28737327,71.26549684
Ac2-N8,Ac2,N8,6.0444,1.799123951,-630.5064087,-630.3423959,-630.2234239,-630.0594111,1.42228106,-0.32730783,-0.00242,-0.164861499,0.32488783,0.041829166,106.435117,0.831266172,-0.62662567,-0.707502494,-0.296086994,0.502714668,-3.429282331,142.5197415,25.29834821,125.5148998,6.769215428,2.026370598,7.237024755,1821.124335,3759.923188,68.71037045,49.94620198,87.97877069,-629.9668094,-629.8156451,-629.7437342,-629.5925699,17.02617488,-0.272193768,0.011733003,-0.130230383,0.283926771,0.029865471,117.4966674,0.788327506,-0.295656287,0.020474584,-0.814218078,1.097099772,139.3636122,7.612654548,2.130017448,6.619916123,1698.223422,1350.832,66.58300599,47.08898504,87.16257405,-780.3322186,-780.1269552,-779.9873993,-779.7821359,3.340757696,-0.307227197,-0.023349498,-0.1652856,0.2838777,0.048120187,149.9656389,0.759507867,-0.586378461,-0.493141142,-0.284683681,0.157556092,139.2686589,121.146158,115.5358874,83.79526848,96.12345485,96.24425128,83.83659195,7.813880926,2.137939981,6.757574157,1789.566069,73.03767997,58.24672025,89.04312401,-343.069405,-342.967559,-342.9026174,-342.8007714,2.7865,-0.30244,-0.00322,-0.15283,0.29922,0.03903,84.7624,-0.87243,-0.21232,0.00076,0.57826,138.9523,0.0441,30.87735,0.7762,-0.38415,106.709,0.146,110.465,4.87203638,1.7,5.987965019,3493.7978,3571.3233,1666.9311,48.0505409,36.60271839,70.26991697
Ac3-N7,Ac3,N7,6.7767,1.91348288,-1095.280774,-1095.202492,-1094.885576,-1094.807294,2.537,-0.3507,-0.04961,-0.20015,0.30109,0.06653,112.669,0.8262,-0.6109,-0.70462,-0.16139,0.50791,6.9613,37.0846,24.8355,124.428,7.11692862,2.452555016,5.09583318,1800.1845,3768.8923,69.30777272,50.97442999,88.19658417,-1094.752398,-1094.68811,-1094.411943,-1094.347655,13.7132,-0.2822,-0.00359,-0.14289,0.27861,0.03664,120.848,0.78027,-0.12289,0,-0.79496,8.9229,15.7221,7.14308853,2.496905493,5.011879591,1696.7188,1321.5565,67.38768973,48.79066958,87.3864621,-1245.102124,-1244.982241,-1244.646171,-1244.526288,1.67167034,-0.308751599,-0.055327215,-0.182038384,0.253424384,0.065384038,157.0927764,0.74695731,-0.561090351,-0.492924088,-0.143549879,4.023742853,31.44131843,120.8498613,117.0622284,80.69364441,92.84498686,99.14394887,87.3176244,7.15307105,2.649419117,5.341436036,1768.921645,74.04633396,60.21662121,89.66296977,-343.0732818,-342.9712336,-342.9057091,-342.8036608,3.366978485,-0.304860188,-0.003160173,-0.154013851,0.301700015,0.039315025,84.59259139,-0.877825848,-0.221970728,0.006942688,0.369110553,135.4655244,1.067387999,30.43430952,0.787828462,-0.384313401,106.7013347,0.885549407,109.821115,5.68604154,1.7505709,5.960390745,3495.063558,3572.085847,1668.845932,49.30899441,37.20715811,71.21791864
Ac2-N13,Ac2,N13,7.1229,1.963307926,-630.5064087,-630.3423959,-630.2234239,-630.0594111,1.42228106,-0.32730783,-0.00242,-0.164861499,0.32488783,0.041829166,106.435117,0.831266172,-0.62662567,-0.707502494,-0.296086994,0.502714668,-3.429282331,142.5197415,25.29834821,125.5148998,6.769215428,2.026370598,7.237024755,1821.124335,3759.923188,68.71037045,49.94620198,87.97877069,-629.9668094,-629.8156451,-629.7437342,-629.5925699,17.02617488,-0.272193768,0.011733003,-0.130230383,0.283926771,0.029865471,117.4966674,0.788327506,-0.295656287,0.020474584,-0.814218078,1.097099772,139.3636122,7.612654548,2.130017448,6.619916123,1698.223422,1350.832,66.58300599,47.08898504,87.16257405,-780.3322186,-780.1269552,-779.9873993,-779.7821359,3.340757696,-0.307227197,-0.023349498,-0.1652856,0.2838777,0.048120187,149.9656389,0.759507867,-0.586378461,-0.493141142,-0.284683681,0.157556092,139.2686589,121.146158,115.5358874,83.79526848,96.12345485,96.24425128,83.83659195,7.813880926,2.137939981,6.757574157,1789.566069,73.03767997,58.24672025,89.04312401,-664.1877278,-664.0764974,-663.9150883,-663.8038579,3.123235666,-0.305652398,-0.007264149,-0.156456281,0.298388248,0.041023592,103.4663377,-0.873835789,-0.211283859,0.001653715,0.368048638,136.600974,0.104946468,30.83464006,0.770831788,-0.384381178,106.9681119,0.016051382,110.6205084,6.306523922,1.744693151,7.683018069,3497.198077,3576.18858,1666.270835,48.68090495,37.1539941,70.70437797
Ac8-N6,Ac8,N6,7.8457,2.059959238,-757.7749852,-757.7371168,-757.5994854,-757.561617,3.685997771,-0.323563235,-0.027345534,-0.175449385,0.296217701,0.051961698,75.96192898,0.809668038,-0.613505472,-0.702030766,-0.020251786,0.501951185,10.38694669,24.17531016,25.17463139,124.8559932,5.708366646,1.760964689,3.251984379,1800.233746,3769.942952,68.16835304,49.2458041,87.92076175,-757.224434,-757.20057,-757.1191065,-757.0952425,12.5153,-0.27314,0.01855,-0.12729,0.29169,0.02778,86.5175,0.7705,0.00997,0.03168,-0.79958,9.1354,3.6748,5.78905253,1.756973035,3.24695072,1689.9686,1321.4395,66.27482757,47.08861628,87.17531194,-907.6034592,-907.5245689,-907.3629438,-907.2840535,6.056736024,-0.302920973,-0.046079524,-0.17449914,0.256841448,0.059291966,121.0888471,0.729196514,-0.586030441,-0.487379837,-0.003039553,12.82790605,20.377325,119.8977784,119.5984501,128.6512143,51.00910456,51.34530471,128.9943456,5.668637857,1.801783035,5.087870651,1742.109174,72.67831096,58.30335319,89.08868685,-480.7253645,-480.5675397,-480.4825554,-480.3247306,1.751256887,-0.267075286,-0.019887314,-0.14348195,0.247187972,0.041645584,139.2578667,-0.880405794,-0.210143,0.003515597,0.368050958,139.405671,0.580331644,30.64385272,0.777734725,-0.429213807,106.807428,0.631341866,110.3313565,5.655189822,1.796887292,7.079468286,3498.705843,3576.484395,1663.59863,50.68469736,39.58448318,71.60193211
Ac14-N13,Ac14,N13,10.0267,2.305251535,-3493.473023,-3493.38956,-3493.266416,-3493.182953,1.835172222,-0.299910454,-0.006054445,-0.152982449,0.293856009,0.039822509,132.1073646,0.847316261,-0.619719967,-0.710465088,-0.521884789,0.501061697,-2.322108243,142.3953844,25.33060139,125.7071365,5.693286781,2.107846448,6.370250867,1821.363899,3758.462337,71.16859487,53.94649669,88.79631832,-3492.929363,-3492.860475,-3492.780479,-3492.711591,14.257,-0.25134,0.01251,-0.11942,0.26385,0.02702,149.574,0.81384,-0.53932,0.01258,-0.80557,3.1598,136.6349,5.2773763,1.969684181,6.936284771,1704.3987,1317.3677,67.47095706,49.35497037,87.37861902,-3643.299129,-3643.174197,-3643.031217,-3642.906285,3.662210789,-0.301350438,-0.021629666,-0.161492674,0.279720772,0.046621377,176.0255781,0.771866325,-0.571560174,-0.497209435,-0.515430691,0.035176052,139.8955705,120.6113994,115.3851916,96.58165717,82.67887288,83.34212413,95.85486152,5.532604085,2.463244994,6.464280371,1799.56293,75.86500946,63.27309509,89.91971186,-664.1877278,-664.0764974,-663.9150883,-663.8038579,3.123235666,-0.305652398,-0.007264149,-0.156456281,0.298388248,0.041023592,103.4663377,-0.873835789,-0.211283859,0.001653715,0.368048638,136.600974,0.104946468,30.83464006,0.770831788,-0.384381178,106.9681119,0.016051382,110.6205084,6.306523922,1.744693151,7.683018069,3497.198077,3576.18858,1666.270835,48.68090495,37.1539941,70.70437797
AcA-NA,AcA,NA,14.7900,2.693951277,-822.5100475,-822.2796127,-822.1433143,-821.9128795,5.591382542,-0.304619796,-0.002498072,-0.153558001,0.302121723,0.03902606,143.2177233,0.823045347,-0.613331921,-0.698771487,0.02080733,0.516214895,0.688469964,108.2549438,22.59133066,121.9374858,8.358695838,2.020877718,6.995368236,1845.788952,3662.425702,69.56757904,51.70707363,88.26448592,-821.9599804,-821.7441882,-821.6572072,-821.4414151,18.47923286,-0.258328224,0.010329742,-0.124000328,0.268657967,0.028619066,155.5749722,0.779679977,0.024682196,0.044007779,-0.808870268,0.3668068,102.0647011,7.684348852,2.037639979,7.387460334,1698.156384,1337.679562,68.50206881,50.1136605,88.00001653,-972.335618,-972.0621856,-971.9057052,-971.6322727,3.844736365,-0.29837699,-0.023248471,-0.160814745,0.275128519,0.046997709,182.7862467,0.74056908,-0.57112484,-0.502872169,0.035976169,-3.167651074,108.6515659,120.269862,116.6764305,121.0293549,55.8444288,58.0893811,125.0369603,4.656498703,1.99166729,8.164560532,1786.669247,78.18132308,67.03817847,90.78896284,-574.6478601,-574.4455779,-574.3684208,-574.1661386,2.797850813,-0.30092991,-0.000653161,-0.150790457,0.300276749,0.037864924,119.9148299,-0.885057684,-0.042660182,0.005160492,0.374444255,144.2380683,0.362307368,30.77297869,0.747072931,-0.380411513,107.6906997,0.171851151,111.4644641,7.450277348,1.943601516,7.77676096,3498.219198,3579.176621,1661.552523,49.73084112,38.35813739,71.1430212
AcC-NC,AcC,NC,0.1444,-1.935168053,-914.2020357,-914.0367311,-913.8262896,-913.660985,3.996228746,-0.315460943,-0.013179974,-0.164320458,0.302280969,0.044662394,143.3156773,0.859728099,-0.622778099,-0.711934957,-0.181698981,0.500512534,-7.733162134,130.3521244,25.58000101,125.8652897,5.760068755,3.108782423,7.829864689,1801.901624,3761.182125,75.17800375,60.2527505,90.41566573,-913.6628417,-913.5126146,-913.3428192,-913.1925922,11.72536289,-0.246232234,0.010912205,-0.117658485,0.257144439,0.026921304,161.206303,0.82311976,-0.189035877,0.00065403,-0.801644528,-3.008684952,123.4296987,5.574403094,3.109023496,7.858743462,1708.481009,1331.754778,72.81227425,57.61162418,89.32796206,-1064.028703,-1063.820758,-1063.590717,-1063.382772,5.260049805,-0.303702322,-0.022469873,-0.163083547,0.281232449,0.047292061,184.057591,0.782046683,-0.578865674,-0.500549987,-0.182689097,-5.988164875,128.2220082,119.7979907,116.3667856,72.10380357,108.3987481,107.5586719,71.91185955,5.967171912,3.03859434,7.83578652,1774.825805,80.73656372,69.53166129,92.19354623,-556.1577528,-555.9855067,-555.8908749,-555.7186287,3.924720322,-0.276012602,-0.000466807,-0.138240377,0.275545796,0.034680752,126.5732363,-0.87856375,-0.215776251,0.002101153,0.364846597,150.5193919,0.791703745,30.75087874,0.788550948,-0.379564103,107.0831097,0.48659456,109.6240706,5.364099091,1.731845988,6.028797222,3495.846822,3574.412921,1657.303036,49.87490043,39.29569076,70.93074809
AcE-NE,AcE,NE,0.0165,-4.107429802,-989.2612815,-989.1072546,-988.8567082,-988.7026814,5.152928393,-0.303450901,-0.032680611,-0.168065756,0.27077029,0.052161089,171.9925984,0.827317312,-0.618574951,-0.704849313,-0.165789078,0.501625528,1.863035198,37.82910736,25.41098638,125.0045313,6.437029344,2.123057949,8.882703013,1788.337783,3763.201006,72.70476932,55.91129012,89.38744736,-988.721872,-988.581582,-988.3754745,-988.2351845,12.4689,-0.25734,-0.0072,-0.13227,0.25014,0.03497,187.191,0.77847,-0.07988,0.0245,-0.79133,-5.0625,7.994049997,6.524897595,2.438763581,8.821869668,1666.40805,1369.9,72.98886162,55.41195119,90.37310924,-1139.090509,-1138.894414,-1138.62337,-1138.427274,6.985081572,-0.301063018,-0.039128837,-0.170092745,0.261934181,0.055238516,211.6040882,0.763197237,-0.573250362,-0.52144409,-0.042770746,-0.794551881,31.37861469,120.636748,116.0985597,101.9276495,76.47664043,77.83016273,103.7657769,6.443985964,2.380376376,8.806469425,1769.927622,79.00522081,66.4887265,91.94625674,-781.8398362,-781.6946264,-781.605356,-781.4601463,1.587397147,-0.280486271,-0.001189515,-0.140837225,0.279296756,0.035514199,118.8616485,-0.873984657,-0.229512107,0.001473744,0.367438582,147.8196771,0.260307797,30.86877159,0.779116804,-0.386276955,106.8014111,0.414660572,110.2659787,5.640778501,1.751976453,6.731152096,3494.187686,3572.445807,1663.680387,48.53273714,37.82320897,70.38476821
AcD-ND,AcD,ND,0.0272,-3.604538306,-745.835767,-745.6451032,-745.5024181,-745.3117544,4.731869064,-0.298710926,-0.002779268,-0.150744221,0.295931658,0.038394979,150.9236553,0.847452957,-0.625785401,-0.712142693,-0.332275388,0.500072069,-6.418461378,147.1764378,25.49629255,126.0539926,6.586197677,2.114846274,7.666365134,1812.823631,3757.136448,71.69961207,54.55485657,89.16656137,-745.2927956,-745.1161461,-745.0190678,-744.8424183,15.72884557,-0.259164463,0.010930867,-0.124116323,0.27009533,0.028513424,162.1625669,0.797451034,-0.325999385,0.011017378,-0.819987239,-5.929906582,140.4417223,6.345102875,2.098224467,8.568397714,1672.939562,1341.988129,69.5309592,51.53779364,88.37196693,-895.6618394,-895.4290667,-895.2675861,-895.0348134,4.795486761,-0.299816422,-0.020762479,-0.160288019,0.279053943,0.046033465,192.8036315,0.773204399,-0.578917079,-0.497212542,-0.32935453,-3.81416752,145.0878796,120.1331685,115.6789434,90.60233733,90.23399527,89.50013233,89.66212128,6.904263969,2.254254668,7.330564064,1789.539988,76.46827582,63.93532204,90.22246506,-443.7728639,-443.6015419,-443.5471615,-443.3758395,1.594171024,-0.293438882,0.002182987,-0.145627481,0.295621869,0.035871301,122.7525043,-0.880964713,-0.045090055,0.003648755,0.370535276,120.3081981,0.540930215,30.53926132,0.766676542,-0.379663699,107.5541197,0.521390016,110.5614464,5.569703527,2.133757334,6.051049666,3496.708611,3578.634841,1654.089373,53.76145972,44.15847136,73.1376975
AcB-NB_endo,AcB,NB_endo,0.1627,-1.816154626,-707.9144095,-707.717608,-707.5939476,-707.3971461,3.4107721,-0.307659422,-0.003046305,-0.155354525,0.304613117,0.039614791,127.6292971,0.83957711,-0.623803067,-0.71154599,-0.342269286,0.499762883,-5.19276264,154.6092057,25.41304433,126.157818,8.183580398,1.859806197,7.537510662,1814.12514,3756.978044,70.49859053,52.55743083,88.74797205,-707.369202,-707.187123,-707.1099691,-706.9278901,17.6674,-0.25982,0.01021,-0.1248,0.27003,0.02884,138.588,0.79147,-0.32936,0.00084,-0.81905,-6.2153,150.2309,7.80428564,2.002019067,7.678745514,1667.6549,1301.7033,68.38950094,50.13638415,87.85456854,-857.7408658,-857.5019167,-857.3597752,-857.1208261,4.209991445,-0.305902985,-0.021241362,-0.16357465,0.284661623,0.04699625,170.3165231,0.76586241,-0.575824851,-0.495367965,-0.341898108,-2.409935573,151.9894661,120.4353296,115.1187069,86.44507529,93.33310207,93.0807542,86.07866789,7.758785954,1.879035054,7.5412938,1790.865818,75.01365788,61.65807266,89.72422344,-730.7185176,-730.4258093,-730.3538232,-730.0611149,4.388377761,-0.301096941,-0.001306638,-0.15120179,0.299790303,0.038132015,160.640436,-0.890125248,-0.039226922,0.007898568,0.364431951,141.0106026,0.629921856,30.68554466,0.760888509,-0.37402139,106.864271,1.85471351,111.1733284,8.323555143,1.965330004,8.429819166,3510.79072,3596.592634,1662.349078,55.66899613,46.51336259,73.37984785
AcB-NB_exo,AcB,NB_exo,0.8180,-0.200892942,-707.9144095,-707.717608,-707.5939476,-707.3971461,3.4107721,-0.307659422,-0.003046305,-0.155354525,0.304613117,0.039614791,127.6292971,0.83957711,-0.623803067,-0.71154599,-0.342269286,0.499762883,-5.19276264,154.6092057,25.41304433,126.157818,8.183580398,1.859806197,7.537510662,1814.12514,3756.978044,70.49859053,52.55743083,88.74797205,-707.369202,-707.187123,-707.1099691,-706.9278901,17.6674,-0.25982,0.01021,-0.1248,0.27003,0.02884,138.588,0.79147,-0.32936,0.00084,-0.81905,-6.2153,150.2309,7.80428564,2.002019067,7.678745514,1667.6549,1301.7033,68.38950094,50.13638415,87.85456854,-857.7408658,-857.5019167,-857.3597752,-857.1208261,4.209991445,-0.305902985,-0.021241362,-0.16357465,0.284661623,0.04699625,170.3165231,0.76586241,-0.575824851,-0.495367965,-0.341898108,-2.409935573,151.9894661,120.4353296,115.1187069,86.44507529,93.33310207,93.0807542,86.07866789,7.758785954,1.879035054,7.5412938,1790.865818,75.01365788,61.65807266,89.72422344,-730.7228776,-730.4302518,-730.3587345,-730.0661087,5.217282111,-0.304132082,-0.000447269,-0.152285118,0.303684813,0.038187655,161.7415583,-0.888199692,-0.033865538,0.000197615,0.369420423,143.4942818,0.009656131,31.1208823,0.770065383,-0.381518461,106.9651616,0.040353844,110.6695885,9.522024754,2.225176007,7.270134515,3489.611224,3567.45658,1658.122056,51.39654734,40.55536127,72.15691386
Sunitinib,Sunitinib-acid,Sunitinib-amine,0.0034,-5.698794933,-1052.979503,-1052.763237,-1052.519729,-1052.303464,2.940178026,-0.248457854,-0.057545633,-0.152999327,0.190912221,0.061312144,260.7484886,0.821945235,-0.648270285,-0.716189583,-0.292976694,0.497605367,5.645188169,57.08642759,25.46263629,125.5979319,11.91202946,1.965579651,6.582098382,1766.787848,3769.90516,70.28164033,53.81666133,88.24158367,-1052.434563,-1052.235821,-1052.030565,-1051.831823,22.0887,-0.22086,-0.03993,-0.1304,0.18093,0.04699,277.672,0.84923,-0.27556,0.00281,-0.825065,3.1148,38.872,12.04010933,1.94677908,6.503861962,1665.4607,1331.7629,68.18675228,51.39673332,87.34197071,-1202.802094,-1202.544217,-1202.281931,-1202.024054,6.181888836,-0.25001933,-0.061210571,-0.155616973,0.188808759,0.064128883,309.271727,0.743760149,-0.584279653,-0.492730025,-0.273911687,5.603421339,50.59947593,119.4772308,116.5107047,74.39719837,98.52736242,105.7709158,81.30511897,12.07134627,2.132190635,6.249666966,1728.941424,75.6890518,63.31182355,89.87827881,-347.9008221,-347.7138435,-347.6977015,-347.5107229,2.443086594,-0.26816347,0.003864246,-0.132148611,0.272027717,0.03209947,94.58359172,-0.890103871,-0.201148603,0.00677842,0.364815746,145.5504708,1.267552223,31.03039173,0.790680532,-0.377689477,106.6301247,1.582027248,109.6934307,5.293423176,1.744036664,6.17367462,3485.958535,3562.088043,1665.528852,48.87869701,37.79720358,70.75640906
,,,,,,,,,,,,,,,,,,,,,,,,,,,,,,,,,,,,,,,,,,,,,,,,,,,,,,,,,,,,,,,,,,,,,,,,,,,,,,,,,,,,,,,,,,,,,,,,,,,,,,,,,,,,,,,,,,,,,,,